Country Name,Country Code,Indicator Name,1990,1991,1992,1993,1994,1995,1996,1997,1998,1999,2000,2001,2002,2003,2004,2005,2006,2007,2008,2009,2010,2011,2012,2013,2014,2015
Aruba,ABW,GDP (current US$),764887117.2,872138715.1,958463184.4,1082979721,1245688268,1320474860,1379960894,1531944134,1665100559,1722798883,1873452514,1920111732,1941340782,2021229050,2228491620,2330726257,2424581006,2615083799,2745251397,2498882682,2390502793,2549720670,2534636872,2701675978,2765363128,2919553073
Afghanistan,AFG,GDP (current US$),,,,,,,,,,,,,4055179566,4515558808,5226778809,6209137625,6971285595,9747879532,10109225814,12439087077,15856574731,17804292964,20001598506,20561069558,20484885120,19907111419
Angola,AGO,GDP (current US$),11228764963,10603784541,8307810974,5768720422,4438321017,5538749260,7526446606,7648377413,6506229607,6152922943,9129594819,8936063723,15285594828,17812705294,23552052408,36970918699,52381006892,65266452081,88538611205,70307163678,83799496611,1.1179E+11,1.28053E+11,1.3671E+11,1.45712E+11,1.16194E+11
Albania,ALB,GDP (current US$),2028553750,1099559028,652174990.8,1185315468,1880951520,2392764853,3199642580,2258515610,2545967253,3212119044,3480355189,3922099471,4348070165,5611492283,7184681399,8052075642,8896073938,10677321490,12881354104,12044223353,11926928506,12890765324,12319830252,12776217195,13228144008,11386846319
Andorra,AND,GDP (current US$),1029048482,1106928583,1210013652,1007025755,1017549124,1178738991,1223945357,1180597273,1211932398,1239876305,1429049198,1546926174,1755910032,2361726862,2894921778,3159905484,3456442103,3952600602,4085630584,3674409558,3449966857,3629203786,3188808943,3193704343,3271808157,2789870188
Arab World,ARB,GDP (current US$),4.47403E+11,4.41364E+11,4.72396E+11,4.7775E+11,4.88311E+11,5.24627E+11,5.79109E+11,6.14123E+11,5.92264E+11,6.44527E+11,7.35685E+11,7.22917E+11,7.26833E+11,8.2109E+11,9.65101E+11,1.18614E+12,1.406E+12,1.63931E+12,2.08097E+12,1.79574E+12,2.10333E+12,2.49403E+12,2.7735E+12,2.85637E+12,2.89439E+12,2.53472E+12
United Arab Emirates,ARE,GDP (current US$),50701443748,51552165622,54239171888,55625170253,59305093980,65743666576,73571233996,78839008445,75674336283,84445473111,1.04337E+11,1.03312E+11,1.09816E+11,1.24346E+11,1.47824E+11,1.80617E+11,2.22117E+11,2.57916E+11,3.15475E+11,2.53547E+11,2.89787E+11,3.50666E+11,3.74591E+11,3.90108E+11,4.03137E+11,3.58135E+11
Argentina,ARG,GDP (current US$),1.41352E+11,1.8972E+11,2.28789E+11,2.36742E+11,2.5744E+11,2.58032E+11,2.7215E+11,2.92859E+11,2.98948E+11,2.83523E+11,2.84204E+11,2.68697E+11,97724004252,1.27587E+11,1.64658E+11,1.98737E+11,2.32557E+11,2.87531E+11,3.61558E+11,3.32976E+11,4.23627E+11,5.30163E+11,5.45982E+11,5.52025E+11,5.2632E+11,5.94749E+11
Armenia,ARM,GDP (current US$),2256838858,2068526522,1272577456,1201313201,1315158670,1468317350,1596968913,1639492424,1893726437,1845482181,1911563665,2118467913,2376335048,2807061009,3576615240,4900469950,6384451606,9206301700,11662040714,8647936748,9260284938,10142111334,10619320049,11121465767,11609512940,10553337673
American Samoa,ASM,GDP (current US$),,,,,,,,,,,,,514000000,527000000,512000000,503000000,496000000,520000000,563000000,678000000,576000000,574000000,644000000,641000000,642000000,661000000
Antigua and Barbuda,ATG,GDP (current US$),459470370.4,481707407.4,499281481.5,535174074.1,589429629.6,577281481.5,633729629.6,680618518.5,727859259.3,766200000,826370370.4,800481481.5,814381481.5,856396296.3,919729629.6,1022962963,1157662963,1312759259,1370070370,1228329630,1148700000,1137637037,1199948148,1181448148,1249733333,1336692593
Australia,AUS,GDP (current US$),3.10781E+11,3.25316E+11,3.24884E+11,3.11549E+11,3.22214E+11,3.67216E+11,4.00303E+11,4.34568E+11,3.98899E+11,3.88608E+11,4.15223E+11,3.78376E+11,3.94649E+11,4.66488E+11,6.1249E+11,6.93408E+11,7.46054E+11,8.531E+11,1.054E+12,9.27805E+11,1.14614E+12,1.39665E+12,1.54615E+12,1.57618E+12,1.46748E+12,1.35169E+12
Austria,AUT,GDP (current US$),1.66463E+11,1.73794E+11,1.95078E+11,1.9038E+11,2.03535E+11,2.41038E+11,2.37251E+11,2.1279E+11,2.1826E+11,2.17186E+11,1.968E+11,1.97338E+11,2.13378E+11,2.61696E+11,3.00904E+11,3.15974E+11,3.35999E+11,3.88691E+11,4.30294E+11,4.00172E+11,3.91893E+11,4.3112E+11,4.09425E+11,4.30069E+11,4.41996E+11,3.81818E+11
Azerbaijan,AZE,GDP (current US$),8858006036,8792365811,4991350458,3970953396,3313939554,3052467522,3176703092,3962735257,4446370371,4581246713,5272617196,5707720391,6235856820,7276013032,8680370408,13245716099,20982986344,33050343783,48852482960,44291490421,52902703376,65951627200,69683935845,74164435946,75244294275,53074370486
Burundi,BDI,GDP (current US$),1132101253,1167398478,1083037671,938632612,925030590.2,1000428394,869033856.3,972896267.9,893770806.1,808077223.4,870486065.9,876794723.1,825394490.2,784654423.6,915257323.4,1117113046,1273375020,1356199365,1611835902,1781455092,2032135247,2235820868,2333308099,2451625333,2705783272,3104394858
Belgium,BEL,GDP (current US$),2.05332E+11,2.10511E+11,2.34782E+11,2.24722E+11,2.44884E+11,2.88026E+11,2.79201E+11,2.52708E+11,2.58528E+11,2.58159E+11,2.36205E+11,2.36541E+11,2.57158E+11,3.17382E+11,3.68537E+11,3.85571E+11,4.07918E+11,4.70324E+11,5.15224E+11,4.81346E+11,4.80952E+11,5.22646E+11,4.96181E+11,5.21643E+11,5.34678E+11,4.6215E+11
Benin,BEN,GDP (current US$),1959965244,1986437860,1695315306,2274557914,1598075932,2169627251,2361116588,2268301538,2455092582,3676045653,3511248900,3663017700,4174634520,5337266688,6179176459,6565043460,7027863025,8158257572,9748276762,9699586794,9535344283,10693321954,11141358945,12517845732,13284528654,11388160958
Burkina Faso,BFA,GDP (current US$),3101301781,3135045684,2240264712,2332018011,1895290965,2379518099,2586550747,2447669404,2804902724,3364819317,2956746304,3190371050,3622350204,4740768355,5451688868,6146352742,6547420134,7625723124,9451436359,9450697336,10109618964,12080296644,12561016091,13444301139,13943016924,11832159276
Bangladesh,BGD,GDP (current US$),31598341234,30957483950,31708874594,33166519418,33768660883,37939748769,46438484108,48244309133,49984559471,51270569884,53369787319,53991289844,54724081491,60158929188,65108544250,69442943089,71819083684,79611888213,91631278239,1.02478E+11,1.15279E+11,1.28638E+11,1.33356E+11,1.4999E+11,1.72885E+11,1.95079E+11
Bulgaria,BGR,GDP (current US$),20632090909,10943548387,10350515464,10829710145,9697416974,18983303571,12294221473,11315986087,15030695297,13627323285,13245833844,14183497963,16402846413,21144983552,26157894737,29869283400,34379808889,44405101470,54438966420,52023504656,50381825504,57386216850,54033250329,55615397666,56901994980,50647442757
Bahrain,BHR,GDP (current US$),4229787234,4616223404,4751063830,5200265957,5567553457,5849467819,6101861436,6349202394,6183776596,6621010372,9062898936,8976196809,9593510638,11074813830,13150159574,15968723404,18504760638,21730000000,25710904255,22938218085,25713271277,28776595745,30749308511,32539468085,33387712766,31050638298
"Bahamas, The",BHS,GDP (current US$),3166000000,3111160000,3109000000,3092000000,3259000000,3429000000,3609000000,6332360000,6833220000,7683870000,8076470000,8317830000,8881160000,8870090000,9055290000,9836200000,10167250000,10618340000,10526000000,9981960000,10095760000,10070450000,10720500000,10568400000,11111600000,11710800000
Bosnia and Herzegovina,BIH,GDP (current US$),,,,,1255802469,1866572954,2786045322,3671816504,4116699437,4685733115,5505887894,5748993411,6651106833,8369878823,10596205714,11222953519,12864610994,15778767670,19112739664,17613836210,17176781337,18644723861,17226849297,18178503835,18558343508,16211541820
Belarus,BLR,GDP (current US$),21650000000,18000000000,17037037037,16280991736,14932024169,13972676841,14756846154,14128408566,15222012660,12138486532,12736856828,12354820144,14594249023,17827791321,23144351852,30207567317,36954312354,45277399814,60763483146,50874078052,57222490769,61757788945,65685102555,75527984234,78813839984,56454734397
Belize,BLZ,GDP (current US$),412086445.5,444720750,518239100,559858250,580863700,620140400,641383800,654314350,688992450,732750000,832050000,868350000,925050000,983500000,1051350000,1102050000,1210150000,1271600000,1351350000,1317300000,1377200000,1460800000,1522900000,1579400000,1662800000,1723800000
Bermuda,BMU,GDP (current US$),1592400000,1634900000,1679900000,1820359900,1867160100,2030750000,2695390000,2932827000,3130748000,3324433000,3480219000,3680483000,3937228000,4186525000,4484703000,4868136000,6144000000,6767000000,6980000000,6656000000,6634526000,6312691000,6378188000,6465756000,6413988000,6654541000
Bolivia,BOL,GDP (current US$),4867582620,5343274312,5643893347,5734676561,5981244887,6715220507,7396966657,7925673448,8497545598,8285075872,8397912509,8141537938,7905485216,8082364868,8773451739,9549077869,11451869165,13120183157,16674324634,17339992165,19649631314,23963033431,27084497483,30659338880,32996188013,33000198248
Brazil,BRA,GDP (current US$),4.61952E+11,6.0286E+11,4.00599E+11,4.37799E+11,5.58112E+11,7.69305E+11,8.50426E+11,8.832E+11,8.63723E+11,5.99389E+11,6.55421E+11,5.59372E+11,5.07962E+11,5.5832E+11,6.69317E+11,8.9163E+11,1.10764E+12,1.39708E+12,1.69582E+12,1.66702E+12,2.20887E+12,2.6162E+12,2.46519E+12,2.47281E+12,2.45599E+12,1.80221E+12
Barbados,BRB,GDP (current US$),2012131457,2020583702,1957000000,2063342117,2151344901,2216974096,2363645403,2498384130,2817083478,2951822205,3059500000,3054500000,3106500000,3209500000,3444500000,3819500000,4217500000,4674000000,4785000000,4465500000,4530000000,4657500000,4610000000,4677000000,4696500000,4715000000
Brunei Darussalam,BRN,GDP (current US$),3520551724,3701667053,4183548189,4105706152,4087337960,4734020037,5115602837,5197332974,4051147228,4600000000,6001153306,5601090584,5843329108,6557333085,7872333215,9531402848,11470703002,12247694247,14393099069,10732366286,13707370737,18525319978,19047940301,18093829923,17098342541,12930394938
Bhutan,BTN,GDP (current US$),299787275.8,250045839.9,250794359.6,235239570.4,270801565.2,303053462.8,316420860.9,365964500.1,376955087.3,419035810.5,424464089.9,461444513.7,520849551.5,604041957.9,682523857,796938120.2,874989895.6,1168308517,1227808791,1234014292,1547991318,1777101317,1781281282,1756215665,1907090813,2003598213
Botswana,BWA,GDP (current US$),3790567052,3942792837,4146513722,4160086253,4259330999,4730611067,4847752843,5020214747,4790458837,5484257417,5788329609,5489608300,5438857107,7511582173,8957467707,9918907108,10137883299,10939053365,10945070442,10267133178,12786654498,15351972361,14380004175,14901750991,16250781587,14420593484
Central African Republic,CAF,GDP (current US$),1440711396,1377375031,1411917558,1278781167,851174350.6,1115389732,1007791186,937741468,967338348.7,999477510.7,914500299.1,931833302.8,991387870.1,1139754799,1270080251,1337362392,1460561215,1697565949,1985240986,2059094048,2142591376,2437982840,2510126699,1691544192,1894813505,1695825708
Canada,CAN,GDP (current US$),5.9393E+11,6.10328E+11,5.92388E+11,5.77171E+11,5.78139E+11,6.04032E+11,6.28546E+11,6.52824E+11,6.31813E+11,6.76084E+11,7.42295E+11,7.3638E+11,7.57951E+11,8.92382E+11,1.0232E+12,1.16936E+12,1.31542E+12,1.46498E+12,1.54913E+12,1.37115E+12,1.61346E+12,1.78865E+12,1.82869E+12,1.84721E+12,1.80353E+12,1.55613E+12
Central Europe and the Baltics,CEB,GDP (current US$),2.62824E+11,2.43586E+11,2.59649E+11,2.73158E+11,3.09399E+11,3.93162E+11,4.15882E+11,4.09852E+11,4.48554E+11,4.34738E+11,4.28026E+11,4.68573E+11,5.27958E+11,6.33714E+11,7.62523E+11,8.86115E+11,1.00219E+12,1.26585E+12,1.5315E+12,1.28952E+12,1.31661E+12,1.44911E+12,1.35269E+12,1.42219E+12,1.4649E+12,1.29209E+12
Switzerland,CHE,GDP (current US$),2.58067E+11,2.61114E+11,2.71814E+11,2.64353E+11,2.92647E+11,3.42617E+11,3.30092E+11,2.86519E+11,2.95045E+11,2.89912E+11,2.72055E+11,2.78631E+11,3.01417E+11,3.52915E+11,3.94164E+11,4.08689E+11,4.30921E+11,4.79913E+11,5.54363E+11,5.41507E+11,5.83783E+11,6.9958E+11,6.68044E+11,6.88504E+11,7.09183E+11,6.79832E+11
Channel Islands,CHI,GDP (current US$),,,,,,,,,5945677377,6262740657,6439703435,6232906290,6663669065,7332244898,8553643354,8827272727,9676172953,11514605842,,,,,,,,
Chile,CHL,GDP (current US$),33113887818,37834793730,45964327559,49297773130,57008425296,73447063319,78039572222,84952360922,81577430181,75173794497,77860932152,70979923960,69736811435,75643459840,99210392858,1.22965E+11,1.54788E+11,1.73606E+11,1.79638E+11,1.72389E+11,2.18538E+11,2.52252E+11,2.67122E+11,2.78384E+11,2.60542E+11,2.43919E+11
China,CHN,GDP (current US$),3.60858E+11,3.83373E+11,4.26916E+11,4.44731E+11,5.64325E+11,7.34548E+11,8.63747E+11,9.61604E+11,1.02904E+12,1.094E+12,1.21135E+12,1.3394E+12,1.47055E+12,1.66029E+12,1.95535E+12,2.28597E+12,2.75213E+12,3.55034E+12,4.59431E+12,5.1017E+12,6.08716E+12,7.5515E+12,8.53223E+12,9.57041E+12,1.04757E+13,1.10616E+13
Cote d'Ivoire,CIV,GDP (current US$),10795850107,10492628915,11152971316,11045759469,8313557450,11000146839,12139234939,11722142706,12612033729,12376639823,10717022463,11202353585,12405208665,15340993079,16584164236,17091723906,17816714954,20370544322,24322959641,24375209178,24908781285,25414875503,26789047555,31273074528,35363533866,45814637971
Cameroon,CMR,GDP (current US$),11151578051,12434370005,11396310990,15498179313,10600157684,9643953175,10513387442,10833497458,10612847429,11198378749,10083937740,10371327756,11579343088,14548845765,17430933517,17944084201,19356046328,22365265026,26409781215,26017925552,26169323293,29375448542,29102772799,32357345501,34989493826,30928653814
"Congo, Dem. Rep.",COD,GDP (current US$),9349764580,9625436873,8227343907,10706259937,5820382248,5643439376,5771454940,6090840548,6215591270,4711259427,19088046306,7438189100,8728038525,8937567060,10297483481,11964484668,14451902468,16737071816,19788515874,18648373312,21565720044,25839749199,29306235826,32679745298,35909040266,37917704900
"Congo, Rep.",COG,GDP (current US$),2798746051,2724853593,2933222714,1918970032,1769365425,2116003978,2540697688,2322718991,1949481297,2353909564,3219910550,2796704577,3034251042,3503723245,4656975223,6650001214,8072305415,8782703767,11649858744,9723300391,13148395202,15655384440,17692912613,17958721572,17783526318,11953249530
Colombia,COL,GDP (current US$),47844090710,49175565911,58418985443,66446804803,81703500846,92507279383,97160109278,1.0666E+11,98443739941,86186158685,99886577331,98211749596,97963003805,94641378693,1.17082E+11,1.45619E+11,1.61619E+11,2.06182E+11,2.42187E+11,2.32398E+11,2.86563E+11,3.34944E+11,3.70921E+11,3.82116E+11,3.81112E+11,2.93482E+11
Comoros,COM,GDP (current US$),429622147.7,424108796.6,457388578.9,452881443.1,319189200.4,398461789.6,396053797.6,364445589.7,370106776,382454989.9,350264287.7,378512003.4,425964697.4,546885185,633706149.3,653845122.9,698431827.7,795673128.5,915659192.8,905341090.6,907978723.5,1023086184,1015843369,1116224161,1149587652,966029542
Cabo Verde,CPV,GDP (current US$),306891107.3,319827058.6,357160985.3,490417389.7,406580652.3,487148993.5,501979069.3,490608657.9,521910560.5,592416703.1,539227277.6,563024383.3,620974660.2,813963830.2,924318490.8,971977088.2,1107891063,1513933983,1789333749,1711817182,1664310770,1865915544,1741809809,1850470042,1859898513,1596800287
Costa Rica,CRI,GDP (current US$),5711687787,7168999670,8528593421,9537297723,10432619325,11513472786,11618286652,12552071488,13617405297,14195623343,14949514493,15913363441,16504795593,17196009811,18528955525,19948261084,22602721765,26743972564,30612927059,30562361123,37268614024,42262697840,46473128286,49745088112,50577769838,54775994479
Caribbean small states,CSS,GDP (current US$),18011676248,17843525220,17570523339,18998044580,19981135364,22033818891,24055634514,28177583294,30105047881,31909186899,34198261849,35249124487,36990581960,39545843699,43259576006,48918431749,55670905492,61875372966,70340127758,59411430651,64524470198,69668274256,72051118642,73417589878,74433668499,72828471571
Cuba,CUB,GDP (current US$),28645436569,24316556026,22085858243,22367254865,28448326757,30429803651,25017368700,25365908100,25736331200,28364615200,30565400000,31682400000,33590500000,35901200000,38203000000,42643836100,52742800000,58603900000,60806300000,62080000000,64328000000,68990000000,73141000000,77148000000,80656000000,87133000000
Curacao,CUW,GDP (current US$),,,,,,,,,,,,,,,,,,,,,,3038699609,3131096089,3147616201,3158406034,3151910782
Cayman Islands,CYM,GDP (current US$),,,,,,,,,,,,,,,,,4200439499,4466438823,4586114070,4281868766,4156990816,4186223865,4291158968,4405954696,4563017852,4708336756
Cyprus,CYP,GDP (current US$),5591130218,5770197348,6912150456,6590291048,7425703929,9933133247,10011918444,9547818700,10248617647,10497908306,9985844486,10397897086,11420227885,14547325028,17320552500,18433411267,20072786351,23968764030,27844698989,25945391775,25732432719,27565469098,24978513427,23900872626,23156850007,19842404305
Czech Republic,CZE,GDP (current US$),40728950705,29859921159,34805013230,40866748705,47850203856,60147174077,67387788633,62180159376,66807429711,65173130995,61828166496,67808032980,82196001051,1.0009E+11,1.19814E+11,1.37143E+11,1.56264E+11,1.90184E+11,2.36816E+11,2.07434E+11,2.0907E+11,2.29563E+11,2.08858E+11,2.11686E+11,2.09359E+11,1.88033E+11
Germany,DEU,GDP (current US$),1.77167E+12,1.86895E+12,2.13157E+12,2.07132E+12,2.20507E+12,2.58579E+12,2.49724E+12,2.21199E+12,2.23899E+12,2.1942E+12,1.94315E+12,1.94411E+12,2.06862E+12,2.49613E+12,2.80919E+12,2.8458E+12,2.9922E+12,3.42123E+12,3.73003E+12,3.39779E+12,3.39635E+12,3.74441E+12,3.52734E+12,3.73274E+12,3.88392E+12,3.35624E+12
Djibouti,DJI,GDP (current US$),452328087.3,462421998.5,478058304.9,466048469.2,491689220.7,497723960.6,494004647.7,502675542,514267869.3,536080148.1,551230861.9,572417440.8,591122039.6,622044665.5,666072101.8,708633194.7,768873684,847918929.1,999105339.3,1049110685,1128611700,1239144502,1353632942,2042817163,2214681574,2430287967
Dominica,DMA,GDP (current US$),201428730,219763222.2,234058259.3,245527592.6,264375666.7,274522148.1,292286000,302989185.2,322409851.9,331759000,333468888.9,340205074.1,333195185.2,343310666.7,367199111.1,364255074.1,390250148.1,421375851.9,458190185.2,489074333.3,493825925.9,501025925.9,485996296.3,498296296.3,520207407.4,540737037
Denmark,DNK,GDP (current US$),1.38247E+11,1.39225E+11,1.52916E+11,1.43196E+11,1.56162E+11,1.85007E+11,1.87632E+11,1.73538E+11,1.76992E+11,1.77965E+11,1.64159E+11,1.64791E+11,1.78635E+11,2.18096E+11,2.51373E+11,2.64467E+11,2.82885E+11,3.19423E+11,3.53361E+11,3.21241E+11,3.21995E+11,3.44003E+11,3.27149E+11,3.43584E+11,3.52994E+11,3.02673E+11
Dominican Republic,DOM,GDP (current US$),7073675545,9734321855,11356271339,13081042396,14664237669,16598679275,18241691854,20017908832,21672526560,22137599984,24305116729,25601765403,27137508655,21403167849,22322395369,35777570134,37879869898,43965420071,48122547177,48261033297,53860175557,58029750744,60681537195,62682163838,67179914026,71164825258
Algeria,DZA,GDP (current US$),62045099643,45715367087,48003298223,49946455211,42542571306,41764052458,46941496780,48177862502,48187747529,48640580407,54790233856,54744725766,56760246982,67863841333,85325003122,1.03198E+11,1.17027E+11,1.34846E+11,1.71008E+11,1.37206E+11,1.61155E+11,2.00254E+11,2.09021E+11,2.09724E+11,2.1386E+11,1.66361E+11
East Asia & Pacific (excluding high income),EAP,GDP (current US$),6.6288E+11,7.19409E+11,8.06166E+11,8.8505E+11,1.06472E+12,1.31417E+12,1.50946E+12,1.56353E+12,1.43303E+12,1.57638E+12,1.73775E+12,1.84879E+12,2.0462E+12,2.31583E+12,2.68513E+12,3.11013E+12,3.74563E+12,4.73529E+12,5.99076E+12,6.49616E+12,7.87477E+12,9.62027E+12,1.07276E+13,1.18356E+13,1.27616E+13,1.32946E+13
Early-demographic dividend,EAR,GDP (current US$),1.81932E+12,1.92741E+12,2.11522E+12,2.31649E+12,2.42922E+12,2.49416E+12,2.71641E+12,2.90517E+12,2.87142E+12,3.03924E+12,3.31069E+12,3.27671E+12,3.18121E+12,3.53882E+12,4.11492E+12,4.79642E+12,5.4842E+12,6.50365E+12,7.33317E+12,7.05924E+12,8.57507E+12,9.61382E+12,1.00816E+13,1.02598E+13,1.06205E+13,1.03116E+13
East Asia & Pacific,EAS,GDP (current US$),4.73602E+12,5.34767E+12,5.84284E+12,6.53503E+12,7.3089E+12,8.30623E+12,8.00412E+12,7.6593E+12,6.86558E+12,7.66771E+12,8.29774E+12,7.71874E+12,7.84484E+12,8.62668E+12,9.67747E+12,1.03324E+13,1.09604E+13,1.22629E+13,1.41481E+13,1.45724E+13,1.69887E+13,1.96874E+13,2.10721E+13,2.13186E+13,2.20022E+13,2.19116E+13
Europe & Central Asia (excluding high income),ECA,GDP (current US$),8.94075E+11,8.72295E+11,8.03992E+11,7.88208E+11,6.76993E+11,7.23125E+11,7.30186E+11,7.62248E+11,7.06305E+11,5.92457E+11,6.62443E+11,6.55124E+11,7.5018E+11,9.46384E+11,1.25553E+12,1.58746E+12,1.94646E+12,2.50377E+12,3.10257E+12,2.43401E+12,2.94494E+12,3.66026E+12,3.90407E+12,4.13902E+12,3.84176E+12,2.91664E+12
Europe & Central Asia,ECS,GDP (current US$),8.85372E+12,9.12999E+12,9.79098E+12,8.99274E+12,9.40281E+12,1.08568E+13,1.10795E+13,1.0511E+13,1.07813E+13,1.06594E+13,1.00322E+13,1.0143E+13,1.10888E+13,1.35006E+13,1.57384E+13,1.67573E+13,1.81463E+13,2.12019E+13,2.32741E+13,2.04712E+13,2.09677E+13,2.325E+13,2.24125E+13,2.3421E+13,2.37385E+13,2.04503E+13
Ecuador,ECU,GDP (current US$),15239278100,16988535268,18094238119,18938717359,22708673337,24432884442,25226393197,28162053027,27981896948,19645272636,18327764882,24468324000,28548945000,32432858000,36591661000,41507085000,46802044000,51007777000,61762635000,62519686000,69555367000,79276664000,87924544000,95129659000,1.01726E+11,99290381000
"Egypt, Arab Rep.",EGY,GDP (current US$),42978914311,37387836491,41855986519,46578631453,51897983393,60159245060,67629716981,78436578171,84828807556,90710704807,99838543960,96684636119,85146067416,80288461538,78782467532,89600665557,1.07426E+11,1.30438E+11,1.62818E+11,1.89147E+11,2.18984E+11,2.3599E+11,2.79117E+11,2.88434E+11,3.05595E+11,3.29367E+11
Euro area,EMU,GDP (current US$),5.88299E+12,6.11086E+12,6.74049E+12,6.16912E+12,6.51305E+12,7.51652E+12,7.60555E+12,6.95239E+12,7.14919E+12,7.11397E+12,6.4795E+12,6.59045E+12,7.16615E+12,8.84288E+12,1.01414E+13,1.05191E+13,1.11744E+13,1.28624E+13,1.40991E+13,1.28858E+13,1.26288E+13,1.36232E+13,1.26396E+13,1.31903E+13,1.34906E+13,1.16685E+13
Eritrea,ERI,GDP (current US$),,,477101651.6,467872714.8,531688311.7,578015625,693535954.2,686490090.1,745526154.9,688921325.7,706370815.6,752368495.5,729321366.7,870247703.2,1109054005,1098425901,1211161880,1317974491,1380188800,1856695551,1589515447,2065001626,,,,
Spain,ESP,GDP (current US$),5.36559E+11,5.77166E+11,6.30916E+11,5.25076E+11,5.30563E+11,6.14609E+11,6.42589E+11,5.90077E+11,6.19215E+11,6.34693E+11,5.96878E+11,6.27287E+11,7.05394E+11,9.05492E+11,1.06709E+12,1.15329E+12,1.25934E+12,1.47213E+12,1.62522E+12,1.48558E+12,1.42072E+12,1.47877E+12,1.32482E+12,1.35476E+12,1.3694E+12,1.19512E+12
Estonia,EST,GDP (current US$),,,,4006983329,4116734613,4497823761,4780170373,5147710775,5665917232,5762048552,5694069842,6259257900,7372457380,9877636631,12144397516,14098326079,17012322168,22445583082,24371299253,19744110864,19693608289,23391530006,23192708982,25271406708,26773473625,23048864243
Ethiopia,ETH,GDP (current US$),12175166763,13463868357,10492993078,8830712714,6927950565,7663984568,8547939731,8589211390,7818224906,7700833482,8242392104,8231326016,7850809498,8623691300,10131187261,12401139454,15280861835,19707616773,27066912635,32437389116,29933790334,31952763089,43310721414,47648211133,55612228234,64589334979
European Union,EUU,GDP (current US$),6.50067E+12,6.73266E+12,7.40112E+12,6.75776E+12,7.15924E+12,8.29665E+12,8.43225E+12,7.73366E+12,7.96948E+12,7.92332E+12,7.25989E+12,7.38773E+12,8.04979E+12,9.91216E+12,1.13995E+13,1.19058E+13,1.27036E+13,1.47113E+13,1.62378E+13,1.47103E+13,1.45441E+13,1.57442E+13,1.46363E+13,1.52934E+13,1.56326E+13,1.35451E+13
Fragile and conflict affected situations,FCS,GDP (current US$),2.59628E+11,2.68714E+11,2.67276E+11,2.48507E+11,2.39831E+11,2.77734E+11,2.87885E+11,3.21383E+11,3.23213E+11,3.50258E+11,4.12071E+11,4.07655E+11,3.91544E+11,4.1673E+11,5.18798E+11,6.49001E+11,8.06143E+11,9.8122E+11,1.26453E+12,1.19383E+12,1.43022E+12,1.45312E+12,1.67881E+12,1.76371E+12,1.92322E+12,1.72691E+12
Finland,FIN,GDP (current US$),1.41438E+11,1.27774E+11,1.12533E+11,89214114708,1.033E+11,1.3419E+11,1.32129E+11,1.26912E+11,1.34039E+11,1.35218E+11,1.25707E+11,1.29421E+11,1.39738E+11,1.71274E+11,1.97117E+11,2.04809E+11,2.16908E+11,2.56053E+11,2.84554E+11,2.52497E+11,2.49181E+11,2.75244E+11,2.58305E+11,2.71285E+11,2.74497E+11,2.3444E+11
Fiji,FJI,GDP (current US$),1337024782,1383843860,1531803061,1635426125,1825285158,1970347721,2129266728,2093994597,1656784780,1942170999,1684109743,1660102346,1842691481,2315935753,2727507213,3006725015,3102741451,3405050612,3523185920,2870624636,3140508836,3774530616,3972012571,4190143206,4856963252,4682546881
France,FRA,GDP (current US$),1.26918E+12,1.26928E+12,1.40147E+12,1.32282E+12,1.39398E+12,1.60109E+12,1.60568E+12,1.45288E+12,1.50311E+12,1.49265E+12,1.36225E+12,1.37647E+12,1.49429E+12,1.84048E+12,2.11574E+12,2.19613E+12,2.31859E+12,2.65721E+12,2.91838E+12,2.69022E+12,2.64261E+12,2.86141E+12,2.68383E+12,2.81108E+12,2.85217E+12,2.43821E+12
Faroe Islands,FRO,GDP (current US$),,,,,,,,,1107882641,1120280382,1058702725,1147654635,1262669892,1494011567,1688237552,1727792693,1984445416,2290133549,2432415998,2268387771,2320424601,2490807831,2366301252,2627049837,2850743875,2518096286
"Micronesia, Fed. Sts.",FSM,GDP (current US$),147200000,166200000,178100000,198400000,202500000,221575300,218534700,206626300,218873100,220140500,233271800,240970900,242517200,245432900,240236000,250281900,253541900,256787200,263145100,280284600,296944100,311301600,327248700,317214400,319271200,316489900
Gabon,GAB,GDP (current US$),5952293766,5402919957,5592390849,4378645081,4190819314,4958845906,5694040337,5326816859,4483417120,4662992036,5067865321,5023265365,5335451308,6511903657,7770219480,9582783318,10327598801,12455410056,15571349776,12113699661,14372591916,18210308748,17170465294,17595745653,18203968002,14383107714
United Kingdom,GBR,GDP (current US$),1.09317E+12,1.1428E+12,1.17966E+12,1.06139E+12,1.14049E+12,1.34158E+12,1.41536E+12,1.55908E+12,1.65017E+12,1.6824E+12,1.65782E+12,1.64025E+12,1.78447E+12,2.05302E+12,2.41693E+12,2.53868E+12,2.71375E+12,3.10088E+12,2.92267E+12,2.41091E+12,2.47524E+12,2.65931E+12,2.70489E+12,2.78602E+12,3.0638E+12,2.92859E+12
Georgia,GEO,GDP (current US$),7753501868,6357615894,3690328964,2701181331,2513870587,2693731866,3094935187,3510520231,3613498175,2800026339,3057475289,3219488664,3395728014,3991284895,5125365192,6410823633,7745394293,10172882371,12795076469,10766836277,12243505583,15107441447,16488403076,17189551521,17627003455,14953950557
Ghana,GHA,GDP (current US$),5889174825,6596546196,6413901602,5966255778,5444560669,6465137615,6934984709,6891308594,7480968858,7719354839,4983024408,5314909954,6166330136,7632406553,8881368538,10744675210,20440893017,24827844950,28678701891,26048108185,32197272797,39337314810,41270954737,62405374786,53660342160,48564863888
Gibraltar,GIB,GDP (current US$),,,,,,,,,,,,,,,,,,,,,,,,,,
Guinea,GIN,GDP (current US$),2666616177,3014890569,3284625277,3279063318,3383218923,3693753379,3869032271,3783788551,3588376057,3461282294,2995360969,2829435957,2950198649,3446441698,3635458133,2937071767,4220019243,6281917656,6964179194,6716904569,6853467858,6785137173,7638045254,8376613843,8778473615,8794202444
"Gambia, The",GMB,GDP (current US$),317083373.5,690314321.4,714255460.5,755042548.1,746491692.6,785996982.5,848237108.6,803630742.5,840285264.6,814723460.1,782915402.4,687408804.6,578236035.1,487038821.6,961900106.9,1027702254,1054113427,1279704745,1561763437,1450140386,1543292393,1409694554,1415006238,1375608956,1229460602,1378176868
Guinea-Bissau,GNB,GDP (current US$),243961995.5,257150374.1,226313443.7,236880821.7,235620043.5,253966922.3,270419779.4,268550998.2,206457544.5,224446663.8,370173838.7,392621385.9,417806667.1,477458598.7,532062927.4,587029054.4,592365688.1,696910810.9,868154708.5,830126470,849878424.2,1099818652,989271229.6,1046087418,1054915645,1048229629
Equatorial Guinea,GNQ,GDP (current US$),112119406.5,110906032.1,134707184.4,136047896.2,100807001.8,141853368.3,232463036.4,442337849.5,370687618.7,621117885.7,1045998496,1461139022,1806742742,2484745935,4410764339,8217369093,10086528699,13071718759,19749893536,15027795173,16314442183,21357344847,22388345810,21948835350,21765454404,13185496836
Greece,GRC,GDP (current US$),97891092003,1.05143E+11,1.16225E+11,1.08809E+11,1.16602E+11,1.36878E+11,1.45862E+11,1.43158E+11,1.44428E+11,1.42541E+11,1.30134E+11,1.36191E+11,1.53831E+11,2.01924E+11,2.40521E+11,2.47783E+11,2.73318E+11,3.18498E+11,3.54461E+11,3.3E+11,2.99362E+11,2.87798E+11,2.45671E+11,2.39862E+11,2.3703E+11,1.96591E+11
Grenada,GRD,GDP (current US$),278098763,300757888.9,310160444.4,309812185.2,325111814.8,342172518.5,366911444.4,392190592.6,445903592.6,482009370.4,520044370.4,520444185.2,540336925.9,591018407.4,599118592.6,695555555.6,698700666.7,758683592.6,825976037,771275555.6,771013259.3,778655925.9,799882259.3,842620111.1,911497407.4,997007925.9
Greenland,GRL,GDP (current US$),1018970365,1016493395,1037921837,927219728.9,1005879948,1208946166,1197509787,1072147778,1149862703,1131561595,1068030830,1086172923,1169138789,1558753434,1822486689,1849805733,2013099482,2249811709,2499107511,2529948330,2503156061,2684467376,2609667674,2684952727,2842048998,2499115623
Guatemala,GTM,GDP (current US$),7650125217,9406097735,10440842165,11399942453,12983235568,14655404433,15674835615,17790026222,19395491993,18318412251,19288827159,18702802522,20776403774,21917430694,23965275794,27211377107,30231249625,34113107372,39136436614,37733609795,41338008613,47654783852,50388460925,52996540576,57852399705,62186186576
Guam,GUM,GDP (current US$),,,,,,,,,,,,,3385000000,3560000000,3857000000,4197000000,4213000000,4375000000,4621000000,4781000000,4895000000,4928000000,5199000000,5336000000,5538000000,5710000000
Guyana,GUY,GDP (current US$),396582263.3,348533094.8,373573141.5,454101382.5,540874934.2,621626785.9,705406001.4,749138009.6,717530683.2,694754988.3,712667896.7,712167575.6,726131434.7,743064076.8,787814379.2,824880550.3,2379818383,2730968914,3025189399,3165661865,3432913353,3691384743,4063090016,4167801803,4127664336,4279840362
High income,HIC,GDP (current US$),1.89651E+13,2.00552E+13,2.15743E+13,2.17415E+13,2.33165E+13,2.59044E+13,2.61334E+13,2.57006E+13,2.58069E+13,2.7101E+13,2.76508E+13,2.73927E+13,2.85543E+13,3.2016E+13,3.56502E+13,3.77277E+13,3.98679E+13,4.36429E+13,4.64109E+13,4.35042E+13,4.55857E+13,4.92117E+13,4.92625E+13,4.98869E+13,5.09869E+13,4.81693E+13
"Hong Kong SAR, China",HKG,GDP (current US$),76928290842,88959620136,1.04272E+11,1.20354E+11,1.35812E+11,1.44653E+11,1.59717E+11,1.77353E+11,1.68886E+11,1.65768E+11,1.71668E+11,1.69403E+11,1.66349E+11,1.61385E+11,1.691E+11,1.8157E+11,1.93536E+11,2.11597E+11,2.1928E+11,2.14046E+11,2.28638E+11,2.48514E+11,2.62629E+11,2.75697E+11,2.91459E+11,3.09384E+11
Honduras,HND,GDP (current US$),4923009552,4648668479,4943700431,4926728933,4642280682,5347445005,5215028986,5737099650,6366340266,6414520530,7103507989,7651174661,7858235333,8230387552,8869311411,9757034457,10917481688,12361257681,13881701034,14587496229,15839344592,17710315006,18528601901,18499710128,19756494435,20979767785
Heavily indebted poor countries (HIPC),HPC,GDP (current US$),1.3768E+11,1.41188E+11,1.29311E+11,1.32835E+11,1.1733E+11,1.33654E+11,1.39607E+11,1.45925E+11,1.53319E+11,1.54974E+11,1.69208E+11,1.61721E+11,1.73731E+11,1.97095E+11,2.26372E+11,2.5832E+11,3.06651E+11,3.66215E+11,4.41915E+11,4.48511E+11,4.90276E+11,5.46434E+11,5.80701E+11,6.47872E+11,6.83129E+11,6.76806E+11
Croatia,HRV,GDP (current US$),,,,,,22534323220,23846442649,23869243598,25562674678,23457038980,21633671681,23054778851,26813968851,34682900713,41587470547,45376744002,50423077102,60073426977,70234425974,62600093959,59918313669,62537851352,56580819624,58194069434,57639588806,49525747504
Haiti,HTI,GDP (current US$),3096289800,3473540602,2257121668,1878248741,2167564195,2813313279,2907514523,3338938830,3723909227,4153736347,6868666120,6364908100,6106867934,5000238129,6005401730,7049954289,7408787819,9315973989,10386485528,11269821159,11661585823,13008748132,13708931890,14498080023,14790765760,14857386164
Hungary,HUN,GDP (current US$),,34753569693,38730585922,40124916941,43166678735,46425677734,46658755152,47296952929,48706787306,49073380174,47218405892,53749989092,67608919144,85302003908,1.0396E+11,1.12981E+11,1.15577E+11,1.39966E+11,1.58136E+11,1.3076E+11,1.31917E+11,1.4176E+11,1.28475E+11,1.35412E+11,1.40765E+11,1.25074E+11
IBRD only,IBD,GDP (current US$),3.45805E+12,3.72546E+12,3.71487E+12,3.98076E+12,4.35221E+12,4.89297E+12,5.348E+12,5.66199E+12,5.50699E+12,5.34554E+12,5.81179E+12,5.89714E+12,5.98958E+12,6.74433E+12,8.02818E+12,9.6002E+12,1.13849E+13,1.41517E+13,1.69946E+13,1.64864E+13,2.0019E+13,2.3645E+13,2.51408E+13,2.6561E+13,2.74756E+13,2.59501E+13
IDA & IBRD total,IBT,GDP (current US$),3.79691E+12,4.07008E+12,4.04811E+12,4.29945E+12,4.66194E+12,5.24731E+12,5.7375E+12,6.06619E+12,5.91615E+12,5.76667E+12,6.2821E+12,6.36253E+12,6.49003E+12,7.30634E+12,8.68661E+12,1.03656E+13,1.23058E+13,1.52314E+13,1.82887E+13,1.77595E+13,2.14837E+13,2.53078E+13,2.69315E+13,2.85274E+13,2.95783E+13,2.80398E+13
IDA total,IDA,GDP (current US$),3.42196E+11,3.47322E+11,3.35598E+11,3.20003E+11,3.09646E+11,3.54488E+11,3.89763E+11,4.04079E+11,4.09815E+11,4.22915E+11,4.72835E+11,4.67694E+11,5.03419E+11,5.65332E+11,6.6223E+11,7.69482E+11,9.26016E+11,1.0848E+12,1.30013E+12,1.27972E+12,1.46912E+12,1.66499E+12,1.79408E+12,1.97343E+12,2.11292E+12,2.10231E+12
IDA blend,IDB,GDP (current US$),1.45135E+11,1.47516E+11,1.46936E+11,1.31254E+11,1.35002E+11,1.55032E+11,1.7187E+11,1.76121E+11,1.73139E+11,1.81192E+11,2.0622E+11,2.05813E+11,2.2725E+11,2.55052E+11,3.10739E+11,3.71637E+11,4.65384E+11,5.36928E+11,6.36082E+11,5.96416E+11,7.00032E+11,8.04396E+11,8.89579E+11,9.65837E+11,1.0367E+12,9.99758E+11
Indonesia,IDN,GDP (current US$),1.06141E+11,1.16622E+11,1.28027E+11,1.58007E+11,1.76892E+11,2.02132E+11,2.2737E+11,2.15749E+11,95445547873,1.40001E+11,1.65021E+11,1.60447E+11,1.95661E+11,2.34772E+11,2.56837E+11,2.85869E+11,3.64571E+11,4.32217E+11,5.10229E+11,5.3958E+11,7.55094E+11,8.92969E+11,9.1787E+11,9.12524E+11,8.90815E+11,8.60854E+11
IDA only,IDX,GDP (current US$),1.96272E+11,1.98977E+11,1.8736E+11,1.88488E+11,1.73637E+11,1.98258E+11,2.16443E+11,2.26649E+11,2.35866E+11,2.4065E+11,2.65071E+11,2.6027E+11,2.74173E+11,3.08043E+11,3.48513E+11,3.94072E+11,4.5555E+11,5.42167E+11,6.58065E+11,6.80043E+11,7.63983E+11,8.53829E+11,8.95131E+11,9.98443E+11,1.06619E+12,1.09534E+12
Isle of Man,IMN,GDP (current US$),,,,,,914727080.6,1023086919,1180919719,1382548250,1567465657,1563667800,1659131244,1947332922,2328658228,2822358473,3032400000,3422651334,4466100440,5928420956,5487083658,5920177689,6566098382,6690725118,7000748788,7708834951,7085288006
India,IND,GDP (current US$),3.20979E+11,2.70105E+11,2.88208E+11,2.79296E+11,3.27276E+11,3.60282E+11,3.92897E+11,4.15868E+11,4.21351E+11,4.5882E+11,4.68395E+11,4.85441E+11,5.14938E+11,6.07699E+11,7.09149E+11,8.20382E+11,9.4026E+11,1.21674E+12,1.1989E+12,1.34189E+12,1.67562E+12,1.82305E+12,1.82764E+12,1.85672E+12,2.03913E+12,2.10359E+12
Not classified,INX,GDP (current US$),,,,,,,,,,,,,,,,,,,,,,,,,,
Ireland,IRL,GDP (current US$),49364680214,49847127646,55985504489,52480251192,57166035336,69222625000,75880630040,82826141356,90082052260,98692079693,99852958356,1.09135E+11,1.2795E+11,1.64285E+11,1.93871E+11,2.11649E+11,2.32083E+11,2.69918E+11,2.75039E+11,2.36316E+11,2.22149E+11,2.37472E+11,2.24999E+11,2.38544E+11,2.58472E+11,2.915E+11
"Iran, Islamic Rep.",IRN,GDP (current US$),1.24813E+11,,,63743623232,71841461173,96419225744,1.20404E+11,1.13919E+11,1.10277E+11,1.13848E+11,1.09592E+11,1.26879E+11,1.28627E+11,1.53545E+11,1.90043E+11,2.26452E+11,2.66299E+11,3.49882E+11,4.12336E+11,4.16397E+11,4.86808E+11,5.80765E+11,5.98868E+11,4.60293E+11,4.32687E+11,3.84951E+11
Iraq,IRQ,GDP (current US$),1.79886E+11,,,,,,,,,,,,,,36627901762,49954890353,65140293688,88840050497,1.31614E+11,1.11661E+11,1.38462E+11,1.8547E+11,2.17808E+11,2.34648E+11,2.34648E+11,1.77499E+11
Iceland,ISL,GDP (current US$),6478459744,6920116567,7091625416,6227928900,6399064571,7134341222,7438183248,7580988981,8494094898,8971608730,9003639603,8205357405,9294652008,11414055065,13834750405,16812530830,17216420305,21514962938,17905251723,13164652470,13683689693,15158548263,14724078148,16033517403,17758050016,17389101639
Israel,ISR,GDP (current US$),59217144629,67793699706,75870773860,76250990071,86643876656,1.00385E+11,1.09996E+11,1.14693E+11,1.15933E+11,1.17112E+11,1.32343E+11,1.30756E+11,1.21124E+11,1.26966E+11,1.35477E+11,1.42529E+11,1.54034E+11,1.78959E+11,2.16105E+11,2.07468E+11,2.33996E+11,2.61469E+11,2.5718E+11,2.92636E+11,3.09558E+11,2.99813E+11
Italy,ITA,GDP (current US$),1.18122E+12,1.24622E+12,1.32016E+12,1.06496E+12,1.09922E+12,1.17466E+12,1.31243E+12,1.24188E+12,1.27005E+12,1.25202E+12,1.14383E+12,1.16701E+12,1.27071E+12,1.57415E+12,1.80323E+12,1.85752E+12,1.94792E+12,2.21029E+12,2.39886E+12,2.19124E+12,2.13402E+12,2.29199E+12,2.08708E+12,2.14132E+12,2.15913E+12,1.8359E+12
Jamaica,JAM,GDP (current US$),4592224067,4071219198,3530892749,5405097571,5419134875,6538840170,7368000000,8375077443,8763219645,8851581633,8985352832,9194717836,9719017926,9430230564,10174664854,11243868486,11930171468,12799593018,13709402085,12120460873,13220556883,14444655300,14807086889,14262589158,13897804560,14187696311
Jordan,JOR,GDP (current US$),4160003917,4344250257,5311329067,5605841536,6237739516,6727446632,6928359238,7246188575,7912327362,8149106065,8460424401,8975689845,9582453032,10195660790,11411390409,12588665303,15056929760,17110587447,22657662395,24537876124,27133804244,29524149165,31634561670,34454440181,36847643587,38587017944
Japan,JPN,GDP (current US$),3.13282E+12,3.58442E+12,3.90881E+12,4.45414E+12,4.90704E+12,5.44912E+12,4.83371E+12,4.41473E+12,4.03251E+12,4.56208E+12,4.88752E+12,4.30354E+12,4.11512E+12,4.44566E+12,4.81515E+12,4.75541E+12,4.53038E+12,4.51526E+12,5.03791E+12,5.23138E+12,5.7001E+12,6.15746E+12,6.20321E+12,5.15572E+12,4.85041E+12,4.38948E+12
Kazakhstan,KAZ,GDP (current US$),26932728899,24881135586,24906939560,23409027476,21250839258,20374307047,21035357833,22165932063,22135245413,16870817135,18291990619,22152694162,24636593223,30833699703,43151647003,57123671734,81003884545,1.0485E+11,1.33442E+11,1.15309E+11,1.48047E+11,1.92627E+11,2.07999E+11,2.36635E+11,2.21416E+11,1.84388E+11
Kenya,KEN,GDP (current US$),8572359163,8151479004,8209129172,5751789915,7148145376,9046326060,12045858436,13115773738,14093998844,12896013577,12705357103,12986007426,13147743911,14904517650,16095337094,18737897745,25825524821,31958195182,35895153328,37021512049,40000088347,41953433591,50412754861,55096728048,61448046802,64007750169
Kyrgyz Republic,KGZ,GDP (current US$),2675000000,2569444444,2316562500,2028295455,1681006993,1661018519,1827570586,1767864036,1645963750,1249061487,1369688498,1525116370,1605643105,1919008090,2211534585,2460248026,2834168889,3802566171,5139957785,4690062255,4794357795,6197766119,6605139933,7335027592,7468096567,6678178340
Cambodia,KHM,GDP (current US$),,,,2533727592,2791435272,3441205693,3506695720,3443413389,3120425503,3517242477,3677897739,3984000517,4284028483,4658246918,5337833248,6293046162,7274595707,8639235842,10351914093,10401851851,11242275199,12829541141,14054443213,15227991395,16702610842,18049954289
Kiribati,KIR,GDP (current US$),39809538.68,47515189.28,47737955.35,46919624.64,54832577.86,56338028.17,66515376.79,67537479.59,65334841.06,69032258.06,67254174.4,63101272.37,72196457.68,90231856.8,102367039.3,112133944.3,110234939.8,132671743,141042610.3,132420059.3,156120895.2,181705002.6,190243321.6,185113921.6,179703443.3,171117872.4
St. Kitts and Nevis,KNA,GDP (current US$),217259259.3,220540740.7,242137037,263755555.6,295159259.3,313485185.2,333944444.4,374641308,383257331.4,406595484.4,421473325.2,458643829,481077373.7,469869869.9,506900000,547203703.7,644411111.1,689285185.2,751233333.3,747862963,760170370.4,817759259.3,800414814.8,839774074.1,916566666.7,923155555.6
"Korea, Rep.",KOR,GDP (current US$),2.83368E+11,3.30649E+11,3.55525E+11,3.92666E+11,4.63617E+11,5.66583E+11,6.1017E+11,5.69755E+11,3.83331E+11,4.97513E+11,5.76178E+11,5.47658E+11,6.27246E+11,7.02717E+11,7.93175E+11,9.34901E+11,1.05322E+12,1.17261E+12,1.04734E+12,9.43942E+11,1.14407E+12,1.25322E+12,1.27843E+12,1.3708E+12,1.48432E+12,1.46577E+12
Kuwait,KWT,GDP (current US$),18427777778,11008793176,19858555215,23941391391,24848483838,27191353887,31493319973,30355093966,25939960630,30123850197,37712842243,34887512227,38137545245,47876510067,59439090601,80798630137,1.01549E+11,1.1464E+11,1.47395E+11,1.05963E+11,1.15419E+11,1.54068E+11,1.7407E+11,1.74161E+11,1.62631E+11,1.14567E+11
Latin America & Caribbean (excluding high income),LAC,GDP (current US$),1.08335E+12,1.34422E+12,1.25177E+12,1.44854E+12,1.65855E+12,1.75544E+12,1.90284E+12,2.08514E+12,2.09957E+12,1.87728E+12,2.08552E+12,2.03634E+12,1.81164E+12,1.84349E+12,2.12098E+12,2.57794E+12,3.02667E+12,3.59049E+12,4.20354E+12,3.93946E+12,4.91134E+12,5.59226E+12,5.62921E+12,5.75537E+12,5.89106E+12,5.00691E+12
Lao PDR,LAO,GDP (current US$),865559856.2,1028087972,1127806945,1327748655,1543606345,1763536305,1873671550,1747011857,1280177839,1454430642,1731198022,1768619058,1758176653,2023324407,2366398120,2735558726,3452882514,4222962988,5443915121,5832915387,7127792630,8749241114,10191350120,11942230508,13268458232,14390442307
Lebanon,LBN,GDP (current US$),2838485354,4690415093,5843579161,7941744492,9599127050,11718795528,13690217333,15751867489,17247179006,17391056369,17260364842,17649751244,19152238806,20082918740,21159827992,21497336499,22022709852,24827355015,29118916106,35399582929,38443907042,39927125961,44035991746,46909335135,48134486625,49939374833
Liberia,LBR,GDP (current US$),,,,,,,,,,,874000000,906000000,927000000,748000000,897000000,949000000,1119000000,1373000000,1726000000,1768000000,1998000000,2398000000,2721000000,3067000000,3144000000,3177000000
Libya,LBY,GDP (current US$),28901836158,31995012469,33881392045,30657030223,28607921929,25544128199,27884615385,30698633109,27249786142,35976714101,38270206950,34110064452,20481889764,26265625000,33122307692,47334148578,54961936663,67516236338,87140405361,63028320702,74773444901,34699395524,81873662519,65502870174,41142722414,27842131480
St. Lucia,LCA,GDP (current US$),579629629.6,613703703.7,674074074.1,684814814.8,713703703.7,762962963,788888888.9,805925925.9,877407407.4,921851851.9,932592592.6,892592592.6,900000000,987407407.4,1066666667,1135555556,1268319185,1336088815,1437731111,1401507889,1486758037,1576988407,1605146778,1664816741,1755130815,1808079889
Latin America & Caribbean,LCN,GDP (current US$),1.17942E+12,1.45072E+12,1.37123E+12,1.57686E+12,1.80213E+12,1.92164E+12,2.0794E+12,2.27963E+12,2.3003E+12,2.07544E+12,2.29222E+12,2.2427E+12,2.01231E+12,2.05524E+12,2.36862E+12,2.864E+12,3.35673E+12,3.95448E+12,4.59539E+12,4.31928E+12,5.35442E+12,6.08746E+12,6.15062E+12,6.30189E+12,6.42525E+12,5.52911E+12
Least developed countries: UN classification,LDC,GDP (current US$),1.63851E+11,1.64557E+11,1.49619E+11,1.48555E+11,1.37876E+11,1.57359E+11,1.7318E+11,1.82665E+11,1.87036E+11,1.91065E+11,2.18859E+11,2.09111E+11,2.26713E+11,2.56481E+11,2.9362E+11,3.44379E+11,4.01304E+11,4.80868E+11,5.96072E+11,6.00689E+11,6.8148E+11,7.77975E+11,8.25602E+11,9.00815E+11,9.73241E+11,9.65699E+11
Low income,LIC,GDP (current US$),1.09177E+11,1.09907E+11,96329680353,96626100077,83301895368,93844997135,98861086920,1.05558E+11,1.06744E+11,1.07554E+11,1.34081E+11,1.2554E+11,1.34731E+11,1.47237E+11,1.70966E+11,2.00024E+11,2.3374E+11,2.86017E+11,3.47033E+11,3.57688E+11,3.92095E+11,4.27683E+11,4.49652E+11,4.92864E+11,5.27424E+11,5.33735E+11
Liechtenstein,LIE,GDP (current US$),1421466240,1484152022,1631197909,1673104494,1948118228,2428461395,2504033252,2298410391,2479721341,2664026095,2483953103,2491822707,2688630823,3070691320,3454362686,3659251526,4000239273,4601299567,5081432924,4504549214,5082366478,5739977477,5456009385,6391735894,6657170923,6268391521
Sri Lanka,LKA,GDP (current US$),8032551173,9000362582,9703011636,10338679636,11717604209,13029697561,13897738375,15091913884,15794972847,15656327860,16330814180,15749753805,16536535647,18881765437,20662525941,24405791045,28279814925,32350248411,40713812310,42066217872,56725749222,65292753005,68434409315,74317806538,79356449841,80604080689
Lower middle income,LMC,GDP (current US$),8.71394E+11,8.05829E+11,8.37906E+11,8.12139E+11,8.6601E+11,9.62036E+11,1.05545E+12,1.10594E+12,1.10897E+12,1.16666E+12,1.21987E+12,1.23915E+12,1.30878E+12,1.49246E+12,1.73276E+12,2.02166E+12,2.37708E+12,2.91259E+12,3.26222E+12,3.29153E+12,3.93112E+12,4.42289E+12,4.66807E+12,4.91804E+12,5.22622E+12,5.18227E+12
Low & middle income,LMY,GDP (current US$),3.65298E+12,3.90345E+12,3.86238E+12,4.10485E+12,4.44236E+12,4.9695E+12,5.42901E+12,5.74983E+12,5.57762E+12,5.44972E+12,5.9629E+12,6.02884E+12,6.14781E+12,6.92069E+12,8.21387E+12,9.78892E+12,1.16346E+13,1.43914E+13,1.72751E+13,1.69037E+13,2.0544E+13,2.42575E+13,2.59119E+13,2.74451E+13,2.84833E+13,2.70665E+13
Lesotho,LSO,GDP (current US$),596415104.5,704329192.8,831033941.1,835592802.3,878250450.6,1001889857,946123275.9,997996028.6,928458206,912771290.6,887295267.9,825706961.2,775780697.7,1157832935,1511236656,1682350935,1800105590,1716262753,1758534995,1773199523,2269525779,2622336148,2526185314,2421470018,2499803984,2372280103
Late-demographic dividend,LTE,GDP (current US$),2.03441E+12,2.24003E+12,2.09066E+12,2.16887E+12,2.47024E+12,3.01783E+12,3.32786E+12,3.48438E+12,3.35412E+12,3.09887E+12,3.40305E+12,3.51745E+12,3.72639E+12,4.24695E+12,5.1062E+12,6.16371E+12,7.43948E+12,9.37302E+12,1.16526E+13,1.12613E+13,1.35064E+13,1.64588E+13,1.76072E+13,1.89773E+13,1.96985E+13,1.84714E+13
Lithuania,LTU,GDP (current US$),,,,,,7867140395,8382519637,10118631852,11239547691,10971583945,11524776867,12237388002,14259781159,18781721376,22627507452,26097677572,30183575104,39697891352,47797551588,37388122046,37138464733,43582248870,42943442158,46514471182,48574531942,41418872976
Luxembourg,LUX,GDP (current US$),13229247948,14321878323,16065740276,16486900653,18325790933,21588170498,21776609772,19731912494,20209122027,22235929043,21263514833,21272418792,23616328816,29557325056,34685281848,37347394603,42414308117,50888134410,55849686539,51370543206,53212476812,60004630234,56677961787,61739352212,66103853237,57744457955
Latvia,LVA,GDP (current US$),,,,,,5785775813,5969114344,6521609001,7159169546,7525408359,7949253766,8351415939,9545172806,11749456401,14401882399,16959313006,21517445448,31004884421,35756225698,26317286628,23877564356,28619991392,28330632929,30432796306,31329367173,27239653844
"Macao SAR, China",MAC,GDP (current US$),3220920085,3735117374,4879018602,5625533410,6265844252,6996034037,7122539667,7211264780,6742367273,6490571704,6720492406,6811227983,7322677820,8195033162,10585624891,12092222042,14789661809,18340447243,20917444920,21475520709,28123640999,36709860068,43031577366,51552075902,55347998648,45361678147
St. Martin (French part),MAF,GDP (current US$),,,,,,,,,,,,,,,,,,,,,,,,,,
Morocco,MAR,GDP (current US$),30180108562,32285388165,33711069431,31655473664,35604137423,39030285468,43161452678,39147844526,41806219379,41632027600,38857251336,39459581217,42236836821,52064058834,59626020162,62343022651,68640825481,79041294874,92507257784,92897320376,93216746662,1.0137E+11,98266306615,1.06826E+11,1.10081E+11,1.0118E+11
Monaco,MCO,GDP (current US$),2481316054,2480497539,2737067002,2574440023,2720297793,3130270895,3137848801,2840182221,2934578821,2906009308,2647883816,2718868306,2968987019,3601321065,4137913500,4203084194,4582988333,5867916781,6476490406,5451653237,5367625613,6088808463,5743029680,6555983530,7069616049,6261622101
Moldova,MDA,GDP (current US$),,,,,,1752979926,1695122174,1930081169,1698717505,1170782957,1288429392,1480673594,1661818168,1980907435,2598249556,2988348836,3408244549,4401189466,6054849885,5439422031,6974960345,8414360656,8709165249,9496684701,9510219299,7745231660
Madagascar,MDG,GDP (current US$),3931334871,3254713056,3714967007,4063298919,3522226903,3838101052,4931861239,4262965282,4401967499,4277903780,4629247091,5438332738,5351701534,6372498720,5064732716,5859269849,6395712392,8524620739,10725137478,9616879921,9982711030,11551821062,11578978053,12423557907,12522959157,11323023787
Maldives,MDV,GDP (current US$),215089005.2,244468292.7,284853358.6,322326642.3,355884383.1,398988955,450382328,508223602.4,540096397.6,589239753.6,624337145.3,870179738.6,897031250,1052121055,1226829563,1163362438,1575200391,1868383461,2271646188,2345294875,2588176055,2774351760,2886170572,3295011382,3697351594,4109447297
Middle East & North Africa,MEA,GDP (current US$),5.50964E+11,5.5496E+11,6.04042E+11,6.08278E+11,6.34164E+11,7.0908E+11,8.02682E+11,8.32788E+11,8.0939E+11,8.66727E+11,9.66794E+11,9.69438E+11,9.63815E+11,1.08647E+12,1.27171E+12,1.53065E+12,1.79163E+12,2.12401E+12,2.65574E+12,2.37256E+12,2.76805E+12,3.28052E+12,3.57638E+12,3.54873E+12,3.56988E+12,3.14396E+12
Mexico,MEX,GDP (current US$),2.61254E+11,3.13143E+11,3.63158E+11,5.00736E+11,5.27813E+11,3.60074E+11,4.10976E+11,5.00413E+11,5.26502E+11,6.00233E+11,7.07907E+11,7.56706E+11,7.72106E+11,7.29336E+11,7.82241E+11,8.77476E+11,9.75387E+11,1.0527E+12,1.10999E+12,9.00045E+11,1.0578E+12,1.18049E+12,1.20109E+12,1.27444E+12,1.31535E+12,1.17187E+12
Marshall Islands,MHL,GDP (current US$),78476000,82507000,91063000,99461000,108071000,120230000,110858000,110705600,112279400,114326300,115347500,122824000,131738200,131398500,133806400,141922500,145474100,153884600,153135800,151772600,162164700,174332100,182874800,187707400,184689500,184599600
Middle income,MIC,GDP (current US$),3.5494E+12,3.79846E+12,3.76938E+12,4.01108E+12,4.35932E+12,4.87603E+12,5.33005E+12,5.64429E+12,5.47149E+12,5.34322E+12,5.83222E+12,5.90541E+12,6.01612E+12,6.77642E+12,8.04604E+12,9.59223E+12,1.14044E+13,1.41095E+13,1.69338E+13,1.65554E+13,2.01546E+13,2.38257E+13,2.54563E+13,2.69494E+13,2.79562E+13,2.65392E+13
North Macedonia,MKD,GDP (current US$),4699646643,4938775510,2436849342,2682456897,3556581986,4680078740,4651453634,3928975904,3756208791,3863743409,3772851420,3709637830,4018365247,4946292775,5682719260,6258600714,6861222332,8336478142,9909548411,9401731496,9407168702,10494632699,9745251126,10817712139,11362272838,10064515432
Mali,MLI,GDP (current US$),2681912030,2724131545,2830673389,2818280876,2081846483,2706425298,2780422212,2697105694,2920358587,3439463140,2954129566,3465305993,3889758024,4703504467,5444474268,6247496491,6905876385,8145694632,9798741074,10190945007,10689167195,12995074801,12441946098,13242680705,14364859446,13104802016
Malta,MLT,GDP (current US$),2547163582,2750041434,3021910217,2709178327,2998570147,3720400496,3822882839,3793418472,4010571271,4121350759,4069515557,4088368962,4470446352,5448415540,6098092512,6416184236,6778324087,7925371459,9090406750,8696366869,9035932178,9638916472,9462238257,10551661220,11626281450,11091434435
Myanmar,MMR,GDP (current US$),,,,,,,,,,,8905066164,6477790688,6777632512,10467109978,10567354056,11986972419,14502553710,20182477481,31862554102,36906181381,49540813342,59977326086,59937797559,60269734045,65446199788,67822772707
Middle East & North Africa (excluding high income),MNA,GDP (current US$),,,,2.91972E+11,2.98968E+11,3.40931E+11,3.95333E+11,4.06053E+11,4.12137E+11,4.3587E+11,4.51664E+11,4.66337E+11,4.50774E+11,5.08947E+11,5.93346E+11,6.98844E+11,8.11977E+11,1.00323E+12,1.24319E+12,1.20004E+12,1.3848E+12,1.56692E+12,1.72964E+12,1.61924E+12,1.5994E+12,1.44021E+12
Montenegro,MNE,GDP (current US$),,,,,,,,,,,984297589.4,1159869246,1284685051,1707710053,2073234418,2257174481,2721903149,3680711744,4545674528,4159330370,4142931813,4544575152,4087561650,4464502434,4587741791,4053097851
Mongolia,MNG,GDP (current US$),2560785660,2379018326,1317611864,768401634.2,925817092.2,1452165005,1345719472,1180934203,1124440249,1057408589,1136896124,1267997934,1396555720,1595297356,1992066808,2523471532,3414055566,4234999823,5623216449,4583850368,7189481824,10409797649,12292770631,12582122604,12226514722,11749620620
Northern Mariana Islands,MNP,GDP (current US$),,,,,,,,,,,,,1284000000,1239000000,1210000000,1061000000,990000000,938000000,939000000,795000000,799000000,733000000,751000000,782000000,845000000,931000000
Mozambique,MOZ,GDP (current US$),,3633406065,2588625093,2676425527,2742148399,2843489765,3856799844,4648832184,5263877520,5976408044,5656473652,5398568544,5677003239,6303391144,7631120533,8542070110,9176889070,10450843291,12556195189,11914471497,11104648673,14381552433,16350804543,16974320551,17716084108,15950969019
Mauritania,MRT,GDP (current US$),1506914408,2133693478,2164292208,1847350612,1944876755,2091731421,2132081882,2072001067,2032345832,1985924387,1779521110,1746064719,1777058593,2051147607,2362501023,2936019526,4008583968,4328063511,5138471610,4725200358,5628882266,6764635687,6728208836,7223063170,6592537782,6166857629
Mauritius,MUS,GDP (current US$),2653480001,2856890681,3224267548,3263368410,3558137040,4040345933,4421943910,4187367602,4169664285,4343710333,4663313620,4613630623,4841310240,5816553827,6578844486,6488750453,7028803366,8150138757,9990370016,9128843109,10003670690,11518393367,11668685524,12129642296,12803445934,11692287066
Malawi,MWI,GDP (current US$),1880771556,2203545857,1799517082,2070636936,1181802596,1397457932,2281034131,2663234934,1750584265,1775921718,1743506531,1716502862,3495748398,3208837077,3476094499,3655909664,3998020177,4432937046,5321012192,6191127665,6959655571,8004000737,6028487929,5518880769,6047813437,6373212641
Malaysia,MYS,GDP (current US$),44024178343,49143148094,59167550163,66894837030,74478356958,88705342903,1.00855E+11,1.00005E+11,72167498981,79148421053,93789736842,92783947368,1.00846E+11,1.10202E+11,1.24749E+11,1.43534E+11,1.62691E+11,1.93548E+11,2.30814E+11,2.02258E+11,2.55017E+11,2.97952E+11,3.14443E+11,3.23277E+11,3.38062E+11,3.01355E+11
North America,NAC,GDP (current US$),6.55867E+12,6.77009E+12,7.11439E+12,7.43755E+12,7.86724E+12,8.24581E+12,8.70436E+12,9.23331E+12,9.69776E+12,1.03101E+13,1.09981E+13,1.13219E+13,1.16983E+13,1.23548E+13,1.32414E+13,1.42109E+13,1.51362E+13,1.59236E+13,1.6269E+13,1.58267E+13,1.66122E+13,1.73375E+13,1.80321E+13,1.86385E+13,1.93371E+13,1.97875E+13
Namibia,NAM,GDP (current US$),2785764518,2992650454,3424733520,3218475900,3636645995,3942478206,3945340776,4102648720,3826527631,3818954448,3833993703,3476452446,3275669889,4811994025,6480441754,7101514450,7840138006,8729714008,8496492492,8825055228,11268186636,12343501808,13041886316,12011207741,12356482989,11272143473
New Caledonia,NCL,GDP (current US$),2529310104,2653781596,2923764926,3070161471,3038727617,3628440275,3606968434,3291489841,3158806480,3056999988,2682347064,,,,,,,,,,,,,,,
Niger,NER,GDP (current US$),3512356353,3285796980,3386232592,2208546463,1938058161,2302537682,2405687081,2290318800,2643363407,2536859320,2236185390,2448714681,2782192987,3394084885,3760443966,4383315657,4756361480,5731485267,7297600897,7352131669,7851191899,8772951262,9426913349,10224897935,10862944204,9685577941
Nigeria,NGA,GDP (current US$),54035795388,49118433048,47794925815,27752204320,33833042988,44062465800,51075815093,54457835193,54604050168,59372613486,69448756933,74030364472,95385819321,1.04912E+11,1.36386E+11,1.76134E+11,2.36104E+11,2.75626E+11,3.37036E+11,2.9188E+11,3.61457E+11,4.04994E+11,4.55502E+11,5.08693E+11,5.46676E+11,4.86803E+11
Nicaragua,NIC,GDP (current US$),1009455484,1488804124,1792800000,1756454248,3863185119,4140470000,4308351903,4389965591,4635267225,4855717875,5107329007,5323146566,5224213018,5322454926,5795568205,6321335612,6763361733,7423367753,8496946608,8298729074,8758639096,9774262742,10532049077,10982938826,11880434071,12756706583
Netherlands,NLD,GDP (current US$),3.18331E+11,3.275E+11,3.62963E+11,3.5355E+11,3.7913E+11,4.52302E+11,4.5049E+11,4.16813E+11,4.38008E+11,4.46899E+11,4.16443E+11,4.31213E+11,4.71614E+11,5.78792E+11,6.57172E+11,6.85093E+11,7.33341E+11,8.47482E+11,9.47998E+11,8.68077E+11,8.46555E+11,9.04086E+11,8.38971E+11,8.76924E+11,8.90981E+11,7.65265E+11
Norway,NOR,GDP (current US$),1.19792E+11,1.21872E+11,1.30838E+11,1.20579E+11,1.27131E+11,1.5203E+11,1.6352E+11,1.61357E+11,1.54163E+11,1.62284E+11,1.71247E+11,1.73972E+11,1.95524E+11,2.28859E+11,2.64512E+11,3.08884E+11,3.45581E+11,4.00937E+11,4.6225E+11,3.8619E+11,4.28757E+11,4.98283E+11,5.09506E+11,5.22762E+11,4.9841E+11,3.85802E+11
Nepal,NPL,GDP (current US$),3627562403,3921476085,3401211581,3660041667,4066775510,4401104418,4521580381,4918691917,4856255044,5033642384,5494252208,6007055042,6050875807,6330473097,7273938315,8130258041,9043715356,10325618017,12545438605,12854985464,16002656434,18913574371,18851513891,19271168018,20002968838,21410840909
Nauru,NRU,GDP (current US$),,,,,,,,,,,,,,,,,,,,,47564520.39,66055407.67,96927201.48,98491843.64,104654365.2,86779266.16
New Zealand,NZL,GDP (current US$),45495129385,42745329732,41649829860,46775620817,55314732279,63918703507,70140835299,66075143415,56227169851,58762260626,52623281957,53872425917,66627729311,88250885550,1.03905E+11,1.1472E+11,1.11609E+11,1.3732E+11,1.3329E+11,1.21358E+11,1.46619E+11,1.6851E+11,1.76248E+11,1.90846E+11,2.00922E+11,1.77468E+11
OECD members,OED,GDP (current US$),1.87726E+13,1.98674E+13,2.13693E+13,2.16597E+13,2.31543E+13,2.55339E+13,2.57554E+13,2.53762E+13,2.56448E+13,2.6928E+13,2.75023E+13,2.72567E+13,2.84345E+13,3.18197E+13,3.54274E+13,3.74797E+13,3.95516E+13,4.32915E+13,4.58719E+13,4.29448E+13,4.50505E+13,4.8451E+13,4.84244E+13,4.90786E+13,5.01118E+13,4.72865E+13
Oman,OMN,GDP (current US$),11685045514,11341482445,12452275683,12493107932,12918855657,13802600780,15277763329,15837451235,13996914596,15593456122,19507452508,19452000476,20142756175,21633708220,24763713001,31081991725,37215779656,42085379489,60905452458,48388363516,56913065779,67872692582,76511059936,78555637365,80686854743,68399663322
Other small states,OSS,GDP (current US$),54720419608,56344164274,61461105759,58495739612,61119005184,70216232542,73971723115,76830068785,75242244588,80914649706,91292277740,90837472119,98021489629,1.22019E+11,1.51452E+11,1.83431E+11,2.15365E+11,2.63839E+11,3.22768E+11,2.77239E+11,3.22445E+11,3.96955E+11,4.14385E+11,4.32375E+11,4.46839E+11,3.70774E+11
Pakistan,PAK,GDP (current US$),40010423970,45625234698,48884606848,51809949334,52293456906,60636022423,63320122807,62433300338,62191955814,62973855719,82017743416,79484403985,79904985385,91760542940,1.0776E+11,1.20055E+11,1.37264E+11,1.52386E+11,1.70078E+11,1.68153E+11,1.77166E+11,2.13587E+11,2.24384E+11,2.31219E+11,2.44361E+11,2.70556E+11
Panama,PAN,GDP (current US$),6433967000,7074675500,8042337700,8782585400,9365289800,9573813700,9870494000,10677286100,11575486400,12130252200,12304115000,12502013400,12994310400,13693981200,15013381700,16374393900,18141666300,21295984200,25155888600,27116635600,29440300000,34686200000,40429700000,45600000000,49921500000,54091700000
Peru,PER,GDP (current US$),26410386669,34341465998,35966302303,34832077221,44882079767,53312793687,55252414130,58147522523,55501467877,50187324568,51744749133,52030158775,54777553515,58731030122,66768703498,76060606061,88643193062,1.02171E+11,1.20551E+11,1.20823E+11,1.47529E+11,1.71762E+11,1.92649E+11,2.01175E+11,2.00789E+11,1.89805E+11
Philippines,PHL,GDP (current US$),44311593756,45417561302,52976344929,54368083953,64084460124,74119987245,82848140618,82344260571,72207028768,82995145793,83670261708,78921071499,84307369867,87039145965,95001994600,1.0742E+11,1.27653E+11,1.5598E+11,1.81007E+11,1.76132E+11,2.08369E+11,2.34217E+11,2.61921E+11,2.83903E+11,2.97484E+11,3.06446E+11
Palau,PLW,GDP (current US$),,,,,,,,,,,146297500,156907900,163184900,153963200,165186200,190452900,192382400,198897700,198283900,187522800,185943000,196911100,212397800,221117200,241669800,280457700
Papua New Guinea,PNG,GDP (current US$),3219730365,3787394958,4377980510,4974550286,5502786070,4636057476,5155311077,4936615299,3789443015,3477038204,3521339699,3081024212,2999511040,3536411824,3927157867,4865892972,8355006711,9545177005,11670840924,11619637816,14250755222,17984910496,21295659249,21261432775,23210682537,21723531182
Poland,POL,GDP (current US$),65977749037,85500935935,94337050693,96045645026,1.10803E+11,1.42293E+11,1.60193E+11,1.59358E+11,1.74686E+11,1.70031E+11,1.72219E+11,1.90905E+11,1.99072E+11,2.17827E+11,2.5511E+11,3.06144E+11,3.44622E+11,4.29029E+11,5.33609E+11,4.39738E+11,4.79834E+11,5.28301E+11,4.98524E+11,5.21016E+11,5.42477E+11,4.77812E+11
Pre-demographic dividend,PRE,GDP (current US$),1.97908E+11,1.91987E+11,1.78566E+11,1.56559E+11,1.4772E+11,1.75626E+11,1.93419E+11,2.03542E+11,2.09637E+11,2.14588E+11,2.43904E+11,2.41261E+11,2.86621E+11,3.26814E+11,3.98185E+11,4.96663E+11,6.28175E+11,7.59477E+11,9.56554E+11,8.68383E+11,1.01811E+12,1.18159E+12,1.30187E+12,1.42811E+12,1.50769E+12,1.34047E+12
Puerto Rico,PRI,GDP (current US$),30603919000,32287031000,34630430000,36922456000,39690630000,42647331000,45340835000,48187039000,54086400000,57841000000,61701800000,69208400000,71623500000,74827400000,80322313000,83914521300,87276164400,89524131600,93639300000,96385600000,98381300000,1.00352E+11,1.01565E+11,1.0245E+11,1.02446E+11,1.03376E+11
"Korea, Dem. People's Rep.",PRK,GDP (current US$),,,,,,,,,,,,,,,,,,,,,,,,,,
Portugal,PRT,GDP (current US$),78713860217,89233599278,1.07592E+11,95009751901,99688641304,1.18122E+11,1.2263E+11,1.17017E+11,1.23946E+11,1.27427E+11,1.18311E+11,1.21499E+11,1.34156E+11,1.64862E+11,1.89035E+11,1.9718E+11,2.08582E+11,2.40191E+11,2.62345E+11,2.43702E+11,2.37881E+11,2.44797E+11,2.16237E+11,2.2637E+11,2.29596E+11,1.99314E+11
Paraguay,PRY,GDP (current US$),5812114523,6984367763,7157424031,7249533620,7870982005,9062131475,9788391781,9965225678,9260481572,8837070236,8855705140,8495806432,7196260657,7691367471,9624440836,10737500188,13429430050,17856270473,24578067861,22341754514,27215968616,33715524704,33283228891,38585317743,40276532541,36164068797
West Bank and Gaza,PSE,GDP (current US$),,,,,2843300000,3282800000,3409600000,3759800000,4067800000,4271200000,4313600000,4003700000,3555800000,3968000000,4603100000,5125700000,5348300000,5815700000,7310400000,8085700000,9681500000,11186100000,12208400000,13515500000,13989700000,13972400000
Pacific island small states,PSS,GDP (current US$),2343530367,2492176880,2732727733,2896405721,3411300477,3704234423,3973365283,3991551510,3417143237,3767300598,3460016615,3418277942,3583557187,4193500486,4839105125,5361227056,5644071347,6234906114,6627662167,5935601178,6598673080,7737574651,8223336840,8544448804,9271534114,9049548346
Post-demographic dividend,PST,GDP (current US$),1.83697E+13,1.93775E+13,2.07959E+13,2.09337E+13,2.24152E+13,2.48652E+13,2.49888E+13,2.45106E+13,2.46269E+13,2.58517E+13,2.62835E+13,2.60437E+13,2.716E+13,3.04613E+13,3.38475E+13,3.56344E+13,3.75097E+13,4.09299E+13,4.32606E+13,4.07653E+13,4.25234E+13,4.56635E+13,4.56217E+13,4.60823E+13,4.70336E+13,4.45185E+13
French Polynesia,PYF,GDP (current US$),3181206305,3267367610,3558215110,3694600400,3522272321,3982374846,3954696874,3567062512,3775160797,3797016069,3447543138,,,,,,,,,,,,,,,
Qatar,QAT,GDP (current US$),7360439423,6883516484,7646153984,7156593654,7374450769,8137911978,9059340385,11297802115,10255495027,12393131868,17759890110,17538461538,19363736264,23533791209,31734065934,44530494505,60882142857,79712087912,1.1527E+11,97798351648,1.25122E+11,1.67775E+11,1.86834E+11,1.98728E+11,2.06225E+11,1.6174E+11
Romania,ROU,GDP (current US$),38995454545,28998684211,25121666667,26362894737,30074440483,37435317265,36937074278,35574916295,41694118973,35952781582,37253259017,40394824679,46066101951,57806506024,74972669057,98452791983,1.22023E+11,1.74585E+11,2.14314E+11,1.74104E+11,1.66309E+11,1.83327E+11,1.70636E+11,1.90801E+11,1.99959E+11,1.77729E+11
Russian Federation,RUS,GDP (current US$),5.16814E+11,5.17963E+11,4.60291E+11,4.35084E+11,3.95077E+11,3.95537E+11,3.91725E+11,4.04929E+11,2.70955E+11,1.95907E+11,2.5971E+11,3.06602E+11,3.4547E+11,4.30348E+11,5.91017E+11,7.64017E+11,9.89931E+11,1.29971E+12,1.66085E+12,1.22264E+12,1.52492E+12,2.04593E+12,2.2083E+12,2.29247E+12,2.05924E+12,1.36348E+12
Rwanda,RWA,GDP (current US$),2550185618,1911600970,2029026704,1971525999,753636370.5,1293535011,1382334879,1851558302,1989343495,2157288438,2068929592,1966668014,1965903268,2138244785,2376384754,2933282015,3319198500,4069636442,5179108956,5673410334,6124120673,6884889636,7655138385,7819538349,8246166341,8545441361
South Asia,SAS,GDP (current US$),4.072E+11,3.62272E+11,3.84744E+11,3.81109E+11,4.32336E+11,4.79862E+11,5.24983E+11,5.50726E+11,5.58438E+11,5.98344E+11,6.30429E+11,6.4587E+11,6.77627E+11,7.91003E+11,9.17089E+11,1.05059E+12,1.19609E+12,1.50419E+12,1.52747E+12,1.68346E+12,2.06078E+12,2.27184E+12,2.29733E+12,2.35713E+12,2.58182E+12,2.69726E+12
Saudi Arabia,SAU,GDP (current US$),1.1763E+11,1.32223E+11,1.37088E+11,1.32968E+11,1.35175E+11,1.43343E+11,1.58662E+11,1.65964E+11,1.46775E+11,1.61717E+11,1.89515E+11,1.84137E+11,1.89606E+11,2.15808E+11,2.58742E+11,3.2846E+11,3.769E+11,4.15965E+11,5.19797E+11,4.29098E+11,5.28207E+11,6.71239E+11,7.35975E+11,7.46647E+11,7.5635E+11,6.5427E+11
Sudan,SDN,GDP (current US$),12408647541,11379222222,7034219713,8881785938,12794192334,13829744879,9018243044,11681494637,11250327988,10682045258,12257418326,13182979784,14803189093,17646503525,21457470203,26524538566,35822408612,45898948564,54526580232,49957202646,58167563413,57060450038,52766746152,57730380600,64941713057,74294508240
Senegal,SEN,GDP (current US$),7237100724,7111252866,7602005274,7189226453,4908415369,6176312552,6413189839,5915250258,6368265194,6512207622,5924239701,6174898370,6752510283,8683229268,10167441854,11022821632,11847848225,14285970085,16949789465,16248212852,16230887978,17902207622,17824398469,18965572150,19797254643,17774766636
Singapore,SGP,GDP (current US$),36144336769,45466164978,52130263966,60603478153,73690847191,87810991957,96295886525,1.00124E+11,85728310229,86284660767,96074477958,89794943350,92537752709,97645448284,1.15035E+11,1.27808E+11,1.4863E+11,1.80942E+11,1.93612E+11,1.94152E+11,2.39809E+11,2.79351E+11,2.95087E+11,3.07576E+11,3.14851E+11,3.08004E+11
Solomon Islands,SLB,GDP (current US$),208003796.3,220274053.3,260578532.2,291118988.6,390107553,458322323,505832211.8,529204444.6,458717501.5,495442425.7,429169368.6,424403183,356507823.6,352522682.2,397611126.7,476898763.6,538668769.3,620230005.2,699157191,735940409.7,846797693.6,1049952233,1190994127,1284698922,1335538893,1307061544
Sierra Leone,SLE,GDP (current US$),649644826.8,779981458.9,679997997.6,768812334.8,911915970.7,870758739.4,941742152.7,850218033.6,672375927.3,669384768.9,635874002.2,1090467712,1253340520,1385810072,1448536631,1650494367,1885112202,2158496873,2505458705,2453899847,2578026297,2942546781,3801862611,4920343195,5015157816,4218723875
El Salvador,SLV,GDP (current US$),4817542204,5252342400,5813399300,6680269200,7679384000,8921947100,9586327800,10221705900,10936669900,11284197000,11784927700,12282533600,12664190300,13243892200,13724810900,14698001400,15999886400,17011750900,17986890000,17601620000,18447920000,20283790000,21386140000,21990970000,22593480000,23438240000
San Marino,SMR,GDP (current US$),,,,,,,,,,1109098658,1005159388,1077413479,1168269231,1464326161,1723750000,1785847531,1908167106,2185874624,2393437820,2056126702,1881214371,1813752784,1604779648,1678841812,1673973695,1419394771
Somalia,SOM,GDP (current US$),917044228,,,,,,,,,,,,,,,,,,,,,,,,,
Serbia,SRB,GDP (current US$),,,,,,16832598870,21818007449,25676488000,19457979423,19388663551,6875845987,12960538724,17120906918,22482365322,26141968161,27683225959,32482070360,43170990616,52194221469,45162894381,41819468692,49258136129,43309252921,48394239475,47062206678,39655958843
Sub-Saharan Africa (excluding high income),SSA,GDP (current US$),3.37112E+11,3.41781E+11,3.3682E+11,3.13476E+11,3.08163E+11,3.53458E+11,3.64903E+11,3.79499E+11,3.66098E+11,3.70986E+11,3.95043E+11,3.76899E+11,4.11121E+11,5.15543E+11,6.41981E+11,7.63956E+11,9.07823E+11,1.05381E+12,1.20827E+12,1.15177E+12,1.36555E+12,1.54136E+12,1.62238E+12,1.72863E+12,1.7946E+12,1.64885E+12
South Sudan,SSD,GDP (current US$),,,,,,,,,,,,,,,,,,,14586253383,12231264525,14602072411,14907308933,11931472169,18426469017,13962212847,11997800760
Sub-Saharan Africa,SSF,GDP (current US$),3.40127E+11,3.4501E+11,3.40484E+11,3.17224E+11,3.12224E+11,3.58024E+11,3.69849E+11,3.84265E+11,3.70895E+11,3.75974E+11,4.00343E+11,3.82158E+11,4.16683E+11,5.22089E+11,6.49419E+11,7.71369E+11,9.15865E+11,1.06298E+12,1.21923E+12,1.16174E+12,1.37653E+12,1.55395E+12,1.63511E+12,1.74208E+12,1.80874E+12,1.66191E+12
Small states,SST,GDP (current US$),74985438895,76534592204,81459878590,80283348961,84391851251,95802399591,1.01858E+11,1.08926E+11,1.08762E+11,1.16576E+11,1.2894E+11,1.29496E+11,1.38587E+11,1.65749E+11,1.9954E+11,2.37701E+11,2.76673E+11,3.31945E+11,3.99736E+11,3.42585E+11,3.93568E+11,4.74361E+11,4.94659E+11,5.14337E+11,5.30544E+11,4.52652E+11
Sao Tome and Principe,STP,GDP (current US$),,,,,,,,,,,,75951210.69,85171308.17,102085583.5,114582561.6,136450274.7,142775597.3,149146423.1,188021190.6,187820464.6,196652166.3,231488665.2,250680453.1,300553785,346527949.8,316065369.9
Suriname,SUR,GDP (current US$),388400000,448100000,404600000,428764705.9,605492537.3,691590497.7,861411471.3,926422500,1110850000,886290697.7,947671969.7,834279357.8,1093574468,1274190311,1484092538,1793388732,2626380435,2936612022,3532969035,3875409836,4368398048,4422276622,4980000000,5145757576,5240606061,4787367928
Slovak Republic,SVK,GDP (current US$),12747380650,14272201755,15495514297,16520676974,20162936291,25840146405,27925036755,27706028096,29856000671,30453383763,29169953013,30752150336,35130340674,46816589165,57332015148,62785305310,70708098106,86454081577,1.0047E+11,89046289247,90310718349,99122802874,94534730681,98848641555,1.0119E+11,88467555244
Slovenia,SVN,GDP (current US$),18198199153,13263686957,13101055425,13258920635,15049620465,21352224019,21507232649,20763101741,22146231968,22711384311,20289627637,20876309970,23489890274,29634713641,34414784504,36206395971,39481045038,48006372844,55552509155,50368056405,48161250405,51516366655,46580457470,48401896808,49930685013,43090173395
Sweden,SWE,GDP (current US$),2.61846E+11,2.74229E+11,2.84321E+11,2.12953E+11,2.29034E+11,2.67306E+11,2.91744E+11,2.68146E+11,2.70809E+11,2.74072E+11,2.62835E+11,2.42396E+11,2.66849E+11,3.34337E+11,3.85118E+11,3.92218E+11,4.23093E+11,4.91253E+11,5.17706E+11,4.36537E+11,4.95813E+11,5.74094E+11,5.52484E+11,5.86842E+11,5.81964E+11,5.05104E+11
Eswatini,SWZ,GDP (current US$),1114703088,1156141998,1284766234,1357206996,1419293455,1698982438,1602760100,1716699913,1576904292,1547884442,1738100853,1542477355,1432228173,2197612767,2770082822,3178126555,3291353806,3469363925,3294093364,3580417161,4438778547,4820499497,4886658806,4597702903,4422304975,4062660890
Sint Maarten (Dutch part),SXM,GDP (current US$),,,,,,,,,,,,,,,,,,,,,,936089385.5,985865921.8,1022905028,1245251397,1253072626
Seychelles,SYC,GDP (current US$),368584758.9,374359556.1,433667193.8,473916819.5,486451204.6,508221508.2,503068472.2,562958836.5,608369282.2,622985493.7,614879764.8,622262057.2,697518248.2,705704816,839319927.3,919103254.5,1016418229,1033561654,967199594,847397850.1,969936525.3,1065826670,1060226126,1328157609,1343007845,1377495054
Syrian Arab Republic,SYR,GDP (current US$),12308624284,12981833333,13253565899,13695962019,10122020000,11396706587,13789560878,14505233969,15200846138,15873875969,19325894913,21099833784,21582248882,21828144686,25086930693,28858965517,33332844575,40405006007,,,,,,,,
Turks and Caicos Islands,TCA,GDP (current US$),,,,,,,,,,,,358744800,366707900,409753600,485598800,578645800,721891500,773489700,862683600,703175800,686787800,728789600,727161000,754238000,841070000,942070000
Chad,TCD,GDP (current US$),1738605558,1877138042,1881847677,1463251055,1179837955,1445919970,1607345450,1544689503,1744794457,1534673583,1385058162,1710843361,1997005787,2742815195,4422855929,6649307057,7428701809,8650138069,10393834721,9290728773,10668102735,12172309523,12367363678,12953535496,13940768066,10950392220
East Asia & Pacific (IDA & IBRD countries),TEA,GDP (current US$),6.61517E+11,7.1793E+11,8.04509E+11,8.83231E+11,1.06253E+12,1.31146E+12,1.50636E+12,1.56031E+12,1.43009E+12,1.57314E+12,1.73418E+12,1.84499E+12,2.04198E+12,2.31108E+12,2.67971E+12,3.10395E+12,3.73826E+12,4.72603E+12,5.97909E+12,6.4834E+12,7.85951E+12,9.60174E+12,1.0707E+13,1.18129E+13,1.27372E+13,1.32691E+13
Europe & Central Asia (IDA & IBRD countries),TEC,GDP (current US$),1.02072E+12,1.00856E+12,9.44231E+11,9.31262E+11,8.37449E+11,9.25228E+11,9.51055E+11,9.809E+11,9.48234E+11,8.2197E+11,8.9355E+11,9.09479E+11,1.02213E+12,1.2567E+12,1.6272E+12,2.03743E+12,2.46353E+12,3.16745E+12,3.92073E+12,3.11045E+12,3.651E+12,4.43443E+12,4.62981E+12,4.90903E+12,4.64184E+12,3.62171E+12
Togo,TGO,GDP (current US$),1628427515,1602299863,1692959110,1233496846,982624324.5,1309382885,1465448290,1498950899,1587345951,1576094566,1488185772,1481141850,1698678686,2111093198,2255942249,2280575830,2349495621,2659095101,3310277927,3365711796,3429461495,3872459250,3873308389,4321655656,4574986537,4180866177
Thailand,THA,GDP (current US$),85343063966,98234695722,1.11453E+11,1.28889E+11,1.46683E+11,1.69279E+11,1.83035E+11,1.50181E+11,1.13676E+11,1.26669E+11,1.26392E+11,1.20296E+11,1.34301E+11,1.52281E+11,1.72896E+11,1.89319E+11,2.21758E+11,2.62942E+11,2.91383E+11,2.8171E+11,3.41105E+11,3.70819E+11,3.97558E+11,4.20333E+11,4.07339E+11,4.01296E+11
Tajikistan,TJK,GDP (current US$),2629395066,2534720480,1909246641,1646693642,1522018436,1231567145,1043654822,921572114.5,1320242081,1086605267,860521119.3,1080768907,1221120799,1555301496,2076182461,2312327536,2830220713,3719506173,5161337336,4979481980,5642178580,6522732203,7633049792,8448469838,9112544556,7854602392
Turkmenistan,TKM,GDP (current US$),3189539641,3208098919,3200539816,3179225949,2561118608,2482228440,2378759975,2450349634,2605688065,2450564468,2904662605,3534803922,4461978499,5977560877,6838351088,8103901996,10276674365,12664165103,19271523179,20214385965,22583157895,29233333333,35164210526,39197543860,43524210526,35799714286
Latin America & the Caribbean (IDA & IBRD countries),TLA,GDP (current US$),1.10929E+12,1.38203E+12,1.30275E+12,1.50473E+12,1.71978E+12,1.83355E+12,1.99298E+12,2.18617E+12,2.19953E+12,1.96818E+12,2.17734E+12,2.11912E+12,1.88469E+12,1.92161E+12,2.22539E+12,2.70956E+12,3.18661E+12,3.77384E+12,4.40789E+12,4.1297E+12,5.15934E+12,5.88556E+12,5.94265E+12,6.08903E+12,6.20788E+12,5.30026E+12
Timor-Leste,TLS,GDP (current US$),,,,,,,,,,,367087900,477457500,469461100,490400300,440732900,462261800,453796000,542795300,648492700,726881600,881826900,1054725400,1147779600,1395524600,1447311400,1594410800
Middle East & North Africa (IDA & IBRD countries),TMN,GDP (current US$),,,,2.89169E+11,2.96099E+11,3.37615E+11,3.91914E+11,4.02265E+11,4.08023E+11,4.31552E+11,4.4731E+11,4.62323E+11,4.4723E+11,5.04995E+11,5.88764E+11,6.93743E+11,8.06661E+11,9.97457E+11,1.23593E+12,1.19195E+12,1.3751E+12,1.5557E+12,1.71741E+12,1.6056E+12,1.58527E+12,1.42604E+12
Tonga,TON,GDP (current US$),113563821.6,132201141.4,137066290.6,138489884.4,195990967,208871687.6,222100545.6,214991477.8,191504899.6,199214621.1,204849594.9,181116944.4,182763673.2,202246980.2,230657956.8,261797595.1,292232126.6,298513956.2,344428609,312377379.3,366840012.4,414523388.5,470714083.4,450643615.2,439878828,437006227.2
South Asia (IDA & IBRD),TSA,GDP (current US$),4.072E+11,3.62272E+11,3.84744E+11,3.81109E+11,4.32336E+11,4.79862E+11,5.24983E+11,5.50726E+11,5.58438E+11,5.98344E+11,6.30429E+11,6.4587E+11,6.77627E+11,7.91003E+11,9.17089E+11,1.05059E+12,1.19609E+12,1.50419E+12,1.52747E+12,1.68346E+12,2.06078E+12,2.27184E+12,2.29733E+12,2.35713E+12,2.58182E+12,2.69726E+12
Sub-Saharan Africa (IDA & IBRD countries),TSS,GDP (current US$),3.40127E+11,3.4501E+11,3.40484E+11,3.17224E+11,3.12224E+11,3.58024E+11,3.69849E+11,3.84265E+11,3.70895E+11,3.75974E+11,4.00343E+11,3.82158E+11,4.16683E+11,5.22089E+11,6.49419E+11,7.71369E+11,9.15865E+11,1.06298E+12,1.21923E+12,1.16174E+12,1.37653E+12,1.55395E+12,1.63511E+12,1.74208E+12,1.80874E+12,1.66191E+12
Trinidad and Tobago,TTO,GDP (current US$),5068000000,5307905882,5439552941,4669488516,4947205860,5329214163,5759537726,5737751332,6043694330,6808982521,8154338233,8824873259,9008273721,11305459802,13280275123,15982282462,18369361094,21641620050,27871587350,19172165226,22157948396,25433011405,25763220107,27268478565,27615843098,25062893969
Tunisia,TUN,GDP (current US$),12290568182,13074782609,15497286296,14608946896,15632463424,18030876599,19587322786,20746360430,21803372267,22943685719,21473188882,22066101341,23142294436,27453084983,31183139301,32273007554,34378437265,38908069299,44856586316,43454935940,44050929160,45810626509,45044112939,46251061734,47632326088,43173480832
Turkey,TUR,GDP (current US$),1.50676E+11,1.50028E+11,1.58459E+11,1.8017E+11,1.3069E+11,1.69486E+11,1.81476E+11,1.89835E+11,2.75967E+11,2.56386E+11,2.74303E+11,2.01753E+11,2.40249E+11,3.14595E+11,4.08865E+11,5.06315E+11,5.57076E+11,6.81321E+11,7.70449E+11,6.49289E+11,7.76968E+11,8.38786E+11,8.80556E+11,9.57799E+11,9.38934E+11,8.64314E+11
Tuvalu,TUV,GDP (current US$),8824447.74,9365165.914,9742949.471,9630762.954,10886825.56,11025945.14,12334846.23,12700905.45,12757632.87,13687141.11,13742057.05,13196544.95,15450994.24,18231078.54,21534931.61,21839098.89,22902861.45,27030374.03,30290219.76,27101076.28,31823518.62,38711810.21,37671774.69,37509075.11,37290607.54,35492074.22
Tanzania,TZA,GDP (current US$),4258743263,4956588279,4601413264,4257702197,4510846968,5255221425,6496195451,7683852497,12270448700,12711213451,13375976354,13581644246,14142035080,15224257698,16675948415,18399046025,18649590248,21843529025,27941177435,29081425282,32014249841,34657139495,39650530214,45680532614,49964788814,47378599025
Uganda,UGA,GDP (current US$),4304398866,3321729057,2857457860,3220439044,3990430447,5755818947,6044585327,6269333313,6584815847,5998563258,6193246837,5840503869,6178563591,6606884391,7939487474,9239221859,9977647645,11902564401,14440404021,25019909335,26558906014,27752712167,27188666947,28791625559,32472363452,32248116584
Ukraine,UKR,GDP (current US$),81456918679,77464561150,73942235330,65648559903,52549555149,48213868178,44558077827,50150399792,41883241472,31580639045,31261527363,37972301335,42351593887,50084197498,64819702952,86057915585,1.07648E+11,1.4258E+11,1.79817E+11,1.17113E+11,1.36013E+11,1.6316E+11,1.75781E+11,1.8331E+11,1.33503E+11,91030959455
Upper middle income,UMC,GDP (current US$),2.6757E+12,2.99216E+12,2.9304E+12,3.19905E+12,3.4934E+12,3.9141E+12,4.27473E+12,4.53848E+12,4.36268E+12,4.17682E+12,4.61256E+12,4.66645E+12,4.70725E+12,5.28377E+12,6.31328E+12,7.57057E+12,9.02734E+12,1.11969E+13,1.36716E+13,1.32639E+13,1.62234E+13,1.94028E+13,2.07883E+13,2.20314E+13,2.273E+13,2.13522E+13
Uruguay,URY,GDP (current US$),9298839655,11205971155,12878199881,15002106518,17474647792,19297663097,20515543039,23969823009,25385928193,23983945188,22823255803,20898788417,13606494597,12045631091,13686329890,17362857685,19579457965,23410572633,30366213118,31660911279,40284481653,47962439303,51264390114,57531233351,57236013088,53274304222
United States,USA,GDP (current US$),5.96314E+12,6.15813E+12,6.52033E+12,6.85856E+12,7.28724E+12,7.63975E+12,8.07312E+12,8.57755E+12,9.06282E+12,9.63066E+12,1.02523E+13,1.05818E+13,1.09364E+13,1.14582E+13,1.22137E+13,1.30366E+13,1.38146E+13,1.44519E+13,1.47128E+13,1.44489E+13,1.49921E+13,1.55426E+13,1.6197E+13,1.67848E+13,1.75272E+13,1.82247E+13
Uzbekistan,UZB,GDP (current US$),13360607918,13677622222,12941297376,13099013836,12899156991,13350468917,13948892216,14744603774,14988971211,17078465982,13760513969,11401421329,9687788513,10134453435,12030023548,14307509839,17330833853,22311393928,29549438884,33689223673,46679875794,56516280748,63628854499,68997168338,76658542757,81847410182
St. Vincent and the Grenadines,VCT,GDP (current US$),240365262.6,254829629.6,277954111.1,286307814.8,289438481.5,316008481.5,331489703.7,347770000,373619851.9,390719148.1,396261370.4,430039296.3,461883444.4,481806296.3,521975111.1,550728666.7,610930037,684446259.3,695428851.9,674922481.5,681225925.9,676129629.6,692933333.3,721207407.4,727714814.8,755400000
"Venezuela, RB",VEN,GDP (current US$),48598315565,53476971831,60401798246,60065011013,58418666667,77407726244,70543211119,85843534589,91331203433,97976886247,1.17141E+11,1.22904E+11,92893587734,83620628582,1.12453E+11,1.4551E+11,1.83478E+11,2.30364E+11,3.15953E+11,3.29788E+11,3.93192E+11,3.16482E+11,3.81286E+11,3.71005E+11,4.82359E+11,
British Virgin Islands,VGB,GDP (current US$),,,,,,,,,,,,,,,,,,,,,,,,,,
Virgin Islands (U.S.),VIR,GDP (current US$),,,,,,,,,,,,,3269000000,3453000000,3799000000,4439000000,4504000000,4803000000,4250000000,4203000000,4339000000,4239000000,4095000000,3762000000,3622000000,3748000000
Vietnam,VNM,GDP (current US$),6471740806,9613369520,9866990236,13180953598,16286433533,20736164459,24657470575,26843700442,27209602050,28683659007,31172518403,32685198735,35064105501,39552513316,45427854693,57633255618,66371664817,77414425532,99130304099,1.06015E+11,1.15932E+11,1.35539E+11,1.5582E+11,1.71222E+11,1.86205E+11,1.93241E+11
Vanuatu,VUT,GDP (current US$),168879207.2,201334169.1,209088824.6,200491853.2,233701301.5,249333250.1,261370044.5,272771209.1,262293410.7,268006972.7,272014693.1,257926881.7,262596597.8,314471328.1,364996869.1,394962552.3,439376794.1,526428309.9,607958616.1,610066628.7,700804286.2,792149700.7,781702874.1,801787555.9,814954307,759689950.9
World,WLD,GDP (current US$),2.26267E+13,2.39669E+13,2.54532E+13,2.58582E+13,2.77712E+13,3.08873E+13,3.15732E+13,3.14583E+13,3.13937E+13,3.25632E+13,3.36236E+13,3.34308E+13,3.47125E+13,3.89482E+13,4.38746E+13,4.75268E+13,5.15122E+13,5.80436E+13,6.36902E+13,6.04103E+13,6.61259E+13,7.34603E+13,7.51618E+13,7.73163E+13,7.94533E+13,7.52177E+13
Samoa,WSM,GDP (current US$),125766269.8,125597205.4,132303041.4,133122897.2,221098106.5,224865731.4,249908970.7,285475591.9,269481523.2,258833766.6,269019710.3,273088357.2,288078881.4,338838639.4,420320176.4,465568018.3,505832439.8,570469196.7,619260721.6,584706020.2,663161517.9,737401692.2,760549587.1,770021664,756919917.3,788307330.6
Kosovo,XKX,GDP (current US$),,,,,,,,,,,1849196082,2535333632,2406270658,2790455728,3556757429,3663101604,3846819721,4655899261,5687417607,5653792720,5835874321,6701698218,6499807272,7074777527,7396705195,6442915788
"Yemen, Rep.",YEM,GDP (current US$),5647119229,5930370370,6463649985,5368270615,4167356037,4258788725,5785685311,6838557384,6325141676,7641102523,9652436180,9861560095,10694628092,11777966673,13872791659,16746344766,19061978586,21650532264,26910851362,25130274124,30906749533,32726417212,35401341663,40415235702,43206469767,42450620876
South Africa,ZAF,GDP (current US$),1.15552E+11,1.23943E+11,1.34545E+11,1.34308E+11,1.39753E+11,1.55461E+11,1.47606E+11,1.52587E+11,1.37775E+11,1.36632E+11,1.36361E+11,1.21515E+11,1.15482E+11,1.75257E+11,2.2859E+11,2.57773E+11,2.71638E+11,2.99416E+11,2.8677E+11,2.95936E+11,3.75349E+11,4.16419E+11,3.96333E+11,3.66829E+11,3.50905E+11,3.17621E+11
Zambia,ZMB,GDP (current US$),3285217391,3378882353,3181921788,3273237853,3656647744,3807067122,3597220962,4303281932,3537683046,3404311977,3600683040,4094480988,4193845678,4901839731,6221077675,8331870169,12756858899,14056957976,17910858638,15328342304,20265559484,23459515276,25503060420,28045553105,27150728124,21243339048
Zimbabwe,ZWE,GDP (current US$),8783816700,8641481700,6751472200,6563813300,6890675000,7111270700,8553146600,8529571600,6401968200,6858013100,6689957600,6777384700,6342116400,5727591800,5805598400,5755215200,5443896500,5291950100,4415702800,9665793300,12041655200,14101920300,17114849900,19091020000,19495519600,19963120600
